-- +goose Up
-- +goose StatementBegin

-- Schedule lists
INSERT OR REPLACE INTO schedule_list VALUES('home workout',0,'REST');
INSERT OR REPLACE INTO schedule_list VALUES('gym workout',0,'cardio');
INSERT OR REPLACE INTO schedule_list VALUES('only lift',0,'REST');
INSERT OR REPLACE INTO schedule_list VALUES('hotel workout',0,'REST');
INSERT OR REPLACE INTO schedule_list VALUES('beginner 531',0,'REST');
INSERT OR REPLACE INTO schedule_list VALUES('531 FSL',0,'REST');
INSERT OR REPLACE INTO schedule_list VALUES('531 FSL (weekends)',0,'531 FSL (week 1, squat)');
INSERT OR REPLACE INTO schedule_list VALUES('531 deload',0,'REST');
INSERT OR REPLACE INTO schedule_list VALUES('531 deload (weekends)',0,'531 (deload, squat)');
INSERT OR REPLACE INTO schedule_list VALUES('home workout',1,'basic_a');
INSERT OR REPLACE INTO schedule_list VALUES('gym workout',1,'basic_a');
INSERT OR REPLACE INTO schedule_list VALUES('only lift',1,'basic_a');
INSERT OR REPLACE INTO schedule_list VALUES('hotel workout',1,'basic_a');
INSERT OR REPLACE INTO schedule_list VALUES('beginner 531',1,'beginner 531 (week 1, day 1)');
INSERT OR REPLACE INTO schedule_list VALUES('531 FSL',1,'531 FSL (week 1, squat)');
INSERT OR REPLACE INTO schedule_list VALUES('531 FSL (weekends)',1,'531 FSL (week 1, ohp)');
INSERT OR REPLACE INTO schedule_list VALUES('531 deload',1,'531 (deload, squat)');
INSERT OR REPLACE INTO schedule_list VALUES('531 deload (weekends)',1,'531 (deload, ohp)');
INSERT OR REPLACE INTO schedule_list VALUES('home workout',2,'basic_low_cardio');
INSERT OR REPLACE INTO schedule_list VALUES('gym workout',2,'cardio');
INSERT OR REPLACE INTO schedule_list VALUES('only lift',2,'REST');
INSERT OR REPLACE INTO schedule_list VALUES('hotel workout',2,'cardio');
INSERT OR REPLACE INTO schedule_list VALUES('beginner 531',2,'cardio');
INSERT OR REPLACE INTO schedule_list VALUES('531 FSL',2,'531 FSL (week 1, ohp)');
INSERT OR REPLACE INTO schedule_list VALUES('531 FSL (weekends)',2,'REST');
INSERT OR REPLACE INTO schedule_list VALUES('531 deload',2,'531 (deload, ohp)');
INSERT OR REPLACE INTO schedule_list VALUES('531 deload (weekends)',2,'REST');
INSERT OR REPLACE INTO schedule_list VALUES('home workout',3,'basic_b');
INSERT OR REPLACE INTO schedule_list VALUES('gym workout',3,'basic_b');
INSERT OR REPLACE INTO schedule_list VALUES('only lift',3,'basic_b');
INSERT OR REPLACE INTO schedule_list VALUES('hotel workout',3,'basic_b');
INSERT OR REPLACE INTO schedule_list VALUES('beginner 531',3,'beginner 531 (week 1, day 2)');
INSERT OR REPLACE INTO schedule_list VALUES('531 FSL',3,'cardio');
INSERT OR REPLACE INTO schedule_list VALUES('531 FSL (weekends)',3,'531 FSL (week 1, deadlift)');
INSERT OR REPLACE INTO schedule_list VALUES('531 deload',3,'cardio');
INSERT OR REPLACE INTO schedule_list VALUES('531 deload (weekends)',3,'531 (deload, deadlift)');
INSERT OR REPLACE INTO schedule_list VALUES('home workout',4,'beginner_burpees');
INSERT OR REPLACE INTO schedule_list VALUES('gym workout',4,'cardio');
INSERT OR REPLACE INTO schedule_list VALUES('only lift',4,'REST');
INSERT OR REPLACE INTO schedule_list VALUES('hotel workout',4,'cardio');
INSERT OR REPLACE INTO schedule_list VALUES('beginner 531',4,'cardio');
INSERT OR REPLACE INTO schedule_list VALUES('531 FSL',4,'531 FSL (week 1, deadlift)');
INSERT OR REPLACE INTO schedule_list VALUES('531 FSL (weekends)',4,'cardio');
INSERT OR REPLACE INTO schedule_list VALUES('531 deload',4,'531 (deload, deadlift)');
INSERT OR REPLACE INTO schedule_list VALUES('531 deload (weekends)',4,'cardio');
INSERT OR REPLACE INTO schedule_list VALUES('home workout',5,'basic_a');
INSERT OR REPLACE INTO schedule_list VALUES('gym workout',5,'basic_a');
INSERT OR REPLACE INTO schedule_list VALUES('only lift',5,'basic_a');
INSERT OR REPLACE INTO schedule_list VALUES('hotel workout',5,'basic_a');
INSERT OR REPLACE INTO schedule_list VALUES('beginner 531',5,'beginner 531 (week 1, day 3)');
INSERT OR REPLACE INTO schedule_list VALUES('531 FSL',5,'cardio');
INSERT OR REPLACE INTO schedule_list VALUES('531 FSL (weekends)',5,'531 FSL (week 1, bench)');
INSERT OR REPLACE INTO schedule_list VALUES('531 deload',5,'cardio');
INSERT OR REPLACE INTO schedule_list VALUES('531 deload (weekends)',5,'531 (deload, bench)');
INSERT OR REPLACE INTO schedule_list VALUES('home workout',6,'basic_low_cardio');
INSERT OR REPLACE INTO schedule_list VALUES('gym workout',6,'cardio');
INSERT OR REPLACE INTO schedule_list VALUES('only lift',6,'REST');
INSERT OR REPLACE INTO schedule_list VALUES('hotel workout',6,'cardio');
INSERT OR REPLACE INTO schedule_list VALUES('beginner 531',6,'531 (assistance work)');
INSERT OR REPLACE INTO schedule_list VALUES('531 FSL',6,'531 FSL (week 1, bench)');
INSERT OR REPLACE INTO schedule_list VALUES('531 FSL (weekends)',6,'cardio');
INSERT OR REPLACE INTO schedule_list VALUES('531 deload',6,'531 (deload, bench)');
INSERT OR REPLACE INTO schedule_list VALUES('531 deload (weekends)',6,'cardio');
INSERT OR REPLACE INTO schedule_list VALUES('home workout',7,'REST');
INSERT OR REPLACE INTO schedule_list VALUES('gym workout',7,'cardio');
INSERT OR REPLACE INTO schedule_list VALUES('only lift',7,'REST');
INSERT OR REPLACE INTO schedule_list VALUES('hotel workout',7,'REST');
INSERT OR REPLACE INTO schedule_list VALUES('beginner 531',7,'REST');
INSERT OR REPLACE INTO schedule_list VALUES('531 FSL',7,'REST');
INSERT OR REPLACE INTO schedule_list VALUES('531 FSL (weekends)',7,'531 FSL (week 2, squat)');
INSERT OR REPLACE INTO schedule_list VALUES('home workout',8,'basic_b');
INSERT OR REPLACE INTO schedule_list VALUES('gym workout',8,'basic_b');
INSERT OR REPLACE INTO schedule_list VALUES('only lift',8,'basic_b');
INSERT OR REPLACE INTO schedule_list VALUES('hotel workout',8,'basic_b');
INSERT OR REPLACE INTO schedule_list VALUES('beginner 531',8,'beginner 531 (week 2, day 1)');
INSERT OR REPLACE INTO schedule_list VALUES('531 FSL',8,'531 FSL (week 2, squat)');
INSERT OR REPLACE INTO schedule_list VALUES('531 FSL (weekends)',8,'531 FSL (week 2, ohp)');
INSERT OR REPLACE INTO schedule_list VALUES('home workout',9,'no_excuses');
INSERT OR REPLACE INTO schedule_list VALUES('gym workout',9,'cardio');
INSERT OR REPLACE INTO schedule_list VALUES('only lift',9,'REST');
INSERT OR REPLACE INTO schedule_list VALUES('hotel workout',9,'cardio');
INSERT OR REPLACE INTO schedule_list VALUES('beginner 531',9,'cardio');
INSERT OR REPLACE INTO schedule_list VALUES('531 FSL',9,'531 FSL (week 2, ohp)');
INSERT OR REPLACE INTO schedule_list VALUES('531 FSL (weekends)',9,'REST');
INSERT OR REPLACE INTO schedule_list VALUES('home workout',10,'basic_a');
INSERT OR REPLACE INTO schedule_list VALUES('gym workout',10,'basic_a');
INSERT OR REPLACE INTO schedule_list VALUES('only lift',10,'basic_a');
INSERT OR REPLACE INTO schedule_list VALUES('hotel workout',10,'basic_a');
INSERT OR REPLACE INTO schedule_list VALUES('beginner 531',10,'beginner 531 (week 2, day 2)');
INSERT OR REPLACE INTO schedule_list VALUES('531 FSL',10,'cardio');
INSERT OR REPLACE INTO schedule_list VALUES('531 FSL (weekends)',10,'531 FSL (week 2, deadlift)');
INSERT OR REPLACE INTO schedule_list VALUES('home workout',11,'beginner_burpees');
INSERT OR REPLACE INTO schedule_list VALUES('gym workout',11,'cardio');
INSERT OR REPLACE INTO schedule_list VALUES('only lift',11,'REST');
INSERT OR REPLACE INTO schedule_list VALUES('hotel workout',11,'cardio');
INSERT OR REPLACE INTO schedule_list VALUES('beginner 531',11,'cardio');
INSERT OR REPLACE INTO schedule_list VALUES('531 FSL',11,'531 FSL (week 2, deadlift)');
INSERT OR REPLACE INTO schedule_list VALUES('531 FSL (weekends)',11,'cardio');
INSERT OR REPLACE INTO schedule_list VALUES('home workout',12,'basic_b');
INSERT OR REPLACE INTO schedule_list VALUES('gym workout',12,'basic_b');
INSERT OR REPLACE INTO schedule_list VALUES('only lift',12,'basic_b');
INSERT OR REPLACE INTO schedule_list VALUES('hotel workout',12,'basic_b');
INSERT OR REPLACE INTO schedule_list VALUES('beginner 531',12,'beginner 531 (week 2, day 3)');
INSERT OR REPLACE INTO schedule_list VALUES('531 FSL',12,'cardio');
INSERT OR REPLACE INTO schedule_list VALUES('531 FSL (weekends)',12,'531 FSL (week 2, bench)');
INSERT OR REPLACE INTO schedule_list VALUES('home workout',13,'basic_low_cardio');
INSERT OR REPLACE INTO schedule_list VALUES('gym workout',13,'cardio');
INSERT OR REPLACE INTO schedule_list VALUES('only lift',13,'REST');
INSERT OR REPLACE INTO schedule_list VALUES('hotel workout',13,'cardio');
INSERT OR REPLACE INTO schedule_list VALUES('beginner 531',13,'531 (assistance work)');
INSERT OR REPLACE INTO schedule_list VALUES('531 FSL',13,'531 FSL (week 2, bench)');
INSERT OR REPLACE INTO schedule_list VALUES('531 FSL (weekends)',13,'cardio');
INSERT OR REPLACE INTO schedule_list VALUES('beginner 531',14,'REST');
INSERT OR REPLACE INTO schedule_list VALUES('531 FSL',14,'REST');
INSERT OR REPLACE INTO schedule_list VALUES('531 FSL (weekends)',14,'531 FSL (week 3, squat)');
INSERT OR REPLACE INTO schedule_list VALUES('beginner 531',15,'beginner 531 (week 3, day 1)');
INSERT OR REPLACE INTO schedule_list VALUES('531 FSL',15,'531 FSL (week 3, squat)');
INSERT OR REPLACE INTO schedule_list VALUES('531 FSL (weekends)',15,'531 FSL (week 3, ohp)');
INSERT OR REPLACE INTO schedule_list VALUES('beginner 531',16,'cardio');
INSERT OR REPLACE INTO schedule_list VALUES('531 FSL',16,'531 FSL (week 3, ohp)');
INSERT OR REPLACE INTO schedule_list VALUES('531 FSL (weekends)',16,'REST');
INSERT OR REPLACE INTO schedule_list VALUES('beginner 531',17,'beginner 531 (week 3, day 2)');
INSERT OR REPLACE INTO schedule_list VALUES('531 FSL',17,'cardio');
INSERT OR REPLACE INTO schedule_list VALUES('531 FSL (weekends)',17,'531 FSL (week 3, deadlift)');
INSERT OR REPLACE INTO schedule_list VALUES('beginner 531',18,'cardio');
INSERT OR REPLACE INTO schedule_list VALUES('531 FSL',18,'531 FSL (week 3, deadlift)');
INSERT OR REPLACE INTO schedule_list VALUES('531 FSL (weekends)',18,'cardio');
INSERT OR REPLACE INTO schedule_list VALUES('beginner 531',19,'beginner 531 (week 3, day 3)');
INSERT OR REPLACE INTO schedule_list VALUES('531 FSL',19,'cardio');
INSERT OR REPLACE INTO schedule_list VALUES('531 FSL (weekends)',19,'531 FSL (week 3, bench)');
INSERT OR REPLACE INTO schedule_list VALUES('beginner 531',20,'531 (assistance work)');
INSERT OR REPLACE INTO schedule_list VALUES('531 FSL',20,'531 FSL (week 3, bench)');
INSERT OR REPLACE INTO schedule_list VALUES('531 FSL (weekends)',20,'cardio');

-- Routines
INSERT OR REPLACE INTO routine VALUES('531 (deload, bench)','5@40%,5@50%,3@60%,5@70%,3~5@80%,1@90%,1@100%','Bench (BB 90% TM)');
INSERT OR REPLACE INTO routine VALUES('531 (deload, deadlift)','5@40%,5@50%,3@60%,5@70%,3~5@80%,1@90%,1@100%','Deadlift (hex 90% TM)');
INSERT OR REPLACE INTO routine VALUES('531 (deload, ohp)','5@40%,5@50%,3@60%,5@70%,3~5@80%,1@90%,1@100%','OHP (BB 90% TM)');
INSERT OR REPLACE INTO routine VALUES('531 (deload, squat)','5@40%,5@50%,3@60%,5@70%,3~5@80%,1@90%,1@100%','Squat (90% TM)');
INSERT OR REPLACE INTO routine VALUES('531 FSL (week 1, bench)','5@40%,5@50%,3@60%,5@65%,5@75%,5+@85%,5x5@65%','Bench (BB 90% TM)');
INSERT OR REPLACE INTO routine VALUES('531 FSL (week 1, deadlift)','5@40%,5@50%,3@60%,5@65%,5@75%,5+@85%,5x5@65%','Deadlift (hex 90% TM)');
INSERT OR REPLACE INTO routine VALUES('531 FSL (week 1, ohp)','5@40%,5@50%,3@60%,5@65%,5@75%,5+@85%,5x5@65%','OHP (BB 90% TM)');
INSERT OR REPLACE INTO routine VALUES('531 FSL (week 1, squat)','5@40%,5@50%,3@60%,5@65%,5@75%,5+@85%,5x5@65%','Squat (90% TM)');
INSERT OR REPLACE INTO routine VALUES('531 FSL (week 2, bench)','5@40%,5@50%,3@60%,5@70%,3@80%,3+@90%,5x5@70%','Bench (BB 90% TM)');
INSERT OR REPLACE INTO routine VALUES('531 FSL (week 2, deadlift)','5@40%,5@50%,3@60%,5@70%,3@80%,3+@90%,5x5@70%','Deadlift (hex 90% TM)');
INSERT OR REPLACE INTO routine VALUES('531 FSL (week 2, ohp)','5@40%,5@50%,3@60%,5@70%,3@80%,3+@90%,5x5@70%','OHP (BB 90% TM)');
INSERT OR REPLACE INTO routine VALUES('531 FSL (week 2, squat)','5@40%,5@50%,3@60%,5@70%,3@80%,3+@90%,5x5@70%','Squat (90% TM)');
INSERT OR REPLACE INTO routine VALUES('531 FSL (week 3, bench)','5@40%,5@50%,3@60%,5@75%,3@85%,1+@95%,5x5@75%','Bench (BB 90% TM)');
INSERT OR REPLACE INTO routine VALUES('531 FSL (week 3, deadlift)','5@40%,5@50%,3@60%,5@75%,3@85%,1+@95%,5x5@75%','Deadlift (hex 90% TM)');
INSERT OR REPLACE INTO routine VALUES('531 FSL (week 3, ohp)','5@40%,5@50%,3@60%,5@75%,3@85%,1+@95%,5x5@75%','OHP (BB 90% TM)');
INSERT OR REPLACE INTO routine VALUES('531 FSL (week 3, squat)','5@40%,5@50%,3@60%,5@75%,3@85%,1+@95%,5x5@75%','Squat (90% TM)');
INSERT OR REPLACE INTO routine VALUES('531 (tm test, bench)','5@40%,5@50%,3@60%,5@70%,5@80%,5@90%,3~5@100%','Bench (BB 90% TM)');
INSERT OR REPLACE INTO routine VALUES('531 (tm test, deadlift)','5@40%,5@50%,3@60%,5@70%,5@80%,5@90%,3~5@100%','Deadlift (hex 90% TM)');
INSERT OR REPLACE INTO routine VALUES('531 (tm test, ohp)','5@40%,5@50%,3@60%,5@70%,5@80%,5@90%,3~5@100%','OHP (BB 90% TM)');
INSERT OR REPLACE INTO routine VALUES('531 (tm test, squat)','5@40%,5@50%,3@60%,5@70%,5@80%,5@90%,3~5@100%','Squat (90% TM)');
INSERT OR REPLACE INTO routine VALUES('beginner 531 (week 1, bench)','5@40%,5@50%,3@60%,5@65%,5@75%,5+@85%,5x5@65%','Bench (BB 90% TM)');
INSERT OR REPLACE INTO routine VALUES('beginner 531 (week 1, deadlift)','5@40%,5@50%,3@60%,5@65%,5@75%,5+@85%,5x5@65%','Deadlift (hex 90% TM)');
INSERT OR REPLACE INTO routine VALUES('beginner 531 (week 1, ohp)','5@40%,5@50%,3@60%,5@65%,5@75%,5+@85%,5x5@65%','OHP (BB 90% TM)');
INSERT OR REPLACE INTO routine VALUES('beginner 531 (week 1, squat)','5@40%,5@50%,3@60%,5@65%,5@75%,5+@85%,5x5@65%','Squat (90% TM)');
INSERT OR REPLACE INTO routine VALUES('beginner 531 (week 2, bench)','5@40%,5@50%,3@60%,3@70%,3@80%,3+@90%,5x5@70%','Bench (BB 90% TM)');
INSERT OR REPLACE INTO routine VALUES('beginner 531 (week 2, deadlift)','5@40%,5@50%,3@60%,3@70%,3@80%,3+@90%,5x5@70%','Deadlift (hex 90% TM)');
INSERT OR REPLACE INTO routine VALUES('beginner 531 (week 2, ohp)','5@40%,5@50%,3@60%,3@70%,3@80%,3+@90%,5x5@70%','OHP (BB 90% TM)');
INSERT OR REPLACE INTO routine VALUES('beginner 531 (week 2, squat)','5@40%,5@50%,3@60%,3@70%,3@80%,3+@90%,5x5@70%','Squat (90% TM)');
INSERT OR REPLACE INTO routine VALUES('beginner 531 (week 3, bench)','5@40%,5@50%,3@60%,5@75%,3@85%,1+@95%,5x5@75%','Bench (BB 90% TM)');
INSERT OR REPLACE INTO routine VALUES('beginner 531 (week 3, deadlift)','5@40%,5@50%,3@60%,5@75%,3@85%,1+@95%,5x5@75%','Deadlift (hex 90% TM)');
INSERT OR REPLACE INTO routine VALUES('beginner 531 (week 3, ohp)','5@40%,5@50%,3@60%,5@75%,3@85%,1+@95%,5x5@75%','OHP (BB 90% TM)');
INSERT OR REPLACE INTO routine VALUES('beginner 531 (week 3, squat)','5@40%,5@50%,3@60%,5@75%,3@85%,1+@95%,5x5@75%','Squat (90% TM)');
INSERT OR REPLACE INTO routine VALUES('basic a (bb rows)','2x5@100%,5+@100%','Bent-over Row (BB)');
INSERT OR REPLACE INTO routine VALUES('basic a (bench)','2x5@100%,5+@100%','Bench (BB 90% TM)');
INSERT OR REPLACE INTO routine VALUES('basic a (squat)','2x5@100%,5+@100%','Squat (90% TM)');
INSERT OR REPLACE INTO routine VALUES('basic b (chinups)','2x5@100%,5+@100%','Chinups');
INSERT OR REPLACE INTO routine VALUES('basic b (deadlifts)','2x5@100%,5+@100%','Deadlift (hex 90% TM)');
INSERT OR REPLACE INTO routine VALUES('basic b (ohp)','2x5@100%,5+@100%','OHP (BB 90% TM)');

-- Routine workout mapping
INSERT OR REPLACE INTO routine_workout_mapping VALUES('531 (deload, bench)','531 (deload, bench)');
INSERT OR REPLACE INTO routine_workout_mapping VALUES('531 (deload, deadlift)','531 (deload, deadlift)');
INSERT OR REPLACE INTO routine_workout_mapping VALUES('531 (deload, ohp)','531 (deload, ohp)');
INSERT OR REPLACE INTO routine_workout_mapping VALUES('531 (deload, squat)','531 (deload, squat)');
INSERT OR REPLACE INTO routine_workout_mapping VALUES('531 FSL (week 1, bench)','531 FSL (week 1, bench)');
INSERT OR REPLACE INTO routine_workout_mapping VALUES('531 FSL (week 1, deadlift)','531 FSL (week 1, deadlift)');
INSERT OR REPLACE INTO routine_workout_mapping VALUES('531 FSL (week 1, ohp)','531 FSL (week 1, ohp)');
INSERT OR REPLACE INTO routine_workout_mapping VALUES('531 FSL (week 1, squat)','531 FSL (week 1, squat)');
INSERT OR REPLACE INTO routine_workout_mapping VALUES('531 FSL (week 2, bench)','531 FSL (week 2, bench)');
INSERT OR REPLACE INTO routine_workout_mapping VALUES('531 FSL (week 2, deadlift)','531 FSL (week 2, deadlift)');
INSERT OR REPLACE INTO routine_workout_mapping VALUES('531 FSL (week 2, ohp)','531 FSL (week 2, ohp)');
INSERT OR REPLACE INTO routine_workout_mapping VALUES('531 FSL (week 2, squat)','531 FSL (week 2, squat)');
INSERT OR REPLACE INTO routine_workout_mapping VALUES('531 FSL (week 3, bench)','531 FSL (week 3, bench)');
INSERT OR REPLACE INTO routine_workout_mapping VALUES('531 FSL (week 3, deadlift)','531 FSL (week 3, deadlift)');
INSERT OR REPLACE INTO routine_workout_mapping VALUES('531 FSL (week 3, ohp)','531 FSL (week 3, ohp)');
INSERT OR REPLACE INTO routine_workout_mapping VALUES('531 FSL (week 3, squat)','531 FSL (week 3, squat)');
INSERT OR REPLACE INTO routine_workout_mapping VALUES('basic a (bb rows)','basic_a');
INSERT OR REPLACE INTO routine_workout_mapping VALUES('basic a (bench)','basic_a');
INSERT OR REPLACE INTO routine_workout_mapping VALUES('basic a (squat)','basic_a');
INSERT OR REPLACE INTO routine_workout_mapping VALUES('basic b (chinups)','basic_b');
INSERT OR REPLACE INTO routine_workout_mapping VALUES('basic b (deadlifts)','basic_b');
INSERT OR REPLACE INTO routine_workout_mapping VALUES('basic b (ohp)','basic_b');
INSERT OR REPLACE INTO routine_workout_mapping VALUES('beginner 531 (week 1, bench)','beginner 531 (week 1, day 1)');
INSERT OR REPLACE INTO routine_workout_mapping VALUES('beginner 531 (week 1, bench)','beginner 531 (week 1, day 3)');
INSERT OR REPLACE INTO routine_workout_mapping VALUES('beginner 531 (week 1, deadlift)','beginner 531 (week 1, day 2)');
INSERT OR REPLACE INTO routine_workout_mapping VALUES('beginner 531 (week 1, ohp)','beginner 531 (week 1, day 2)');
INSERT OR REPLACE INTO routine_workout_mapping VALUES('beginner 531 (week 1, squat)','beginner 531 (week 1, day 1)');
INSERT OR REPLACE INTO routine_workout_mapping VALUES('beginner 531 (week 1, squat)','beginner 531 (week 1, day 3)');
INSERT OR REPLACE INTO routine_workout_mapping VALUES('beginner 531 (week 2, bench)','beginner 531 (week 2, day 1)');
INSERT OR REPLACE INTO routine_workout_mapping VALUES('beginner 531 (week 2, bench)','beginner 531 (week 2, day 3)');
INSERT OR REPLACE INTO routine_workout_mapping VALUES('beginner 531 (week 2, deadlift)','beginner 531 (week 2, day 2)');
INSERT OR REPLACE INTO routine_workout_mapping VALUES('beginner 531 (week 2, ohp)','beginner 531 (week 2, day 2)');
INSERT OR REPLACE INTO routine_workout_mapping VALUES('beginner 531 (week 2, squat)','beginner 531 (week 2, day 1)');
INSERT OR REPLACE INTO routine_workout_mapping VALUES('beginner 531 (week 2, squat)','beginner 531 (week 2, day 3)');
INSERT OR REPLACE INTO routine_workout_mapping VALUES('beginner 531 (week 3, bench)','beginner 531 (week 3, day 1)');
INSERT OR REPLACE INTO routine_workout_mapping VALUES('beginner 531 (week 3, bench)','beginner 531 (week 3, day 3)');
INSERT OR REPLACE INTO routine_workout_mapping VALUES('beginner 531 (week 3, deadlift)','beginner 531 (week 3, day 2)');
INSERT OR REPLACE INTO routine_workout_mapping VALUES('beginner 531 (week 3, ohp)','beginner 531 (week 3, day 2)');
INSERT OR REPLACE INTO routine_workout_mapping VALUES('beginner 531 (week 3, squat)','beginner 531 (week 3, day 1)');
INSERT OR REPLACE INTO routine_workout_mapping VALUES('beginner 531 (week 3, squat)','beginner 531 (week 3, day 3)');

-- Workouts
INSERT OR REPLACE INTO workout VALUES('/r/bodyweightfitness recommended routine',replace('{PROGRESS}\nWarm-Up:\n* Stick Dislocates (5-10 reps) https://media.giphy.com/media/2x6ZLj05SFvHy/giphy.gif  \n* Squat Sky Reaches (5-10 reps) https://www.youtube.com/watch?v=lbozu0DPcYI&feature=youtu.be&t=42s\n* GMB Wrist Prep (10+ reps) 10+ (https://www.youtube.com/watch?v=mSZWSQSSEjE)\n* Deadbugs (30 seconds) http://www.nick-e.com/deadbug/\n* Arch Hangs (10 reps) https://youtu.be/C995b3KLXS4?t=7s\n  -  NOTE: Add these after you reach Negative Pullups.\n* Support Hold Progression (30s) https://www.reddit.com/r/bodyweightfitness/wiki/exercises/support\n  - NOTE: Add these after you reach Negative Dips.\n* Easier Squat Progression (10 reps) https://www.reddit.com/r/bodyweightfitness/wiki/exercises/squat\n  - NOTE: Add these after you reach Bulgarian Split Squats.\n* Easier Hinge progression (10 reps) https://www.reddit.com/r/bodyweightfitness/wiki/exercises/hinge\n  - NOTE: Add these after you reach Banded Nordic Curls. \nFirst Pair\n* 3x5-8 Pull-up progression https://www.reddit.com/r/bodyweightfitness/wiki/exercises/pullup\n* 3x5-8 Squat Progression https://www.reddit.com/r/bodyweightfitness/wiki/exercises/squat\nSecond Pair\n* 3x5-8 Dip progression https://www.reddit.com/r/bodyweightfitness/wiki/exercises/dip\n* 3x5-8 Hinge Progression https://www.reddit.com/r/bodyweightfitness/wiki/exercises/hinge\nThird Pair\n* 3x5-8 Row Progression https://www.reddit.com/r/bodyweightfitness/wiki/exercises/row\n* 3x5-8 Push-up progression https://www.reddit.com/r/bodyweightfitness/wiki/exercises/pushup\nCore Triplet\n* 3x8-12 Anti-Extension progression https://www.reddit.com/r/bodyweightfitness/wiki/exercises/core#wiki_anti-extension\n* 3x8-12 Anti-Rotation progression https://www.reddit.com/r/bodyweightfitness/wiki/exercises/core#wiki_anti-rotation\n* 3x8-12 Extension progression https://www.reddit.com/r/bodyweightfitness/wiki/exercises/core#wiki_extension','\n',char(10)));
INSERT OR REPLACE INTO workout VALUES('basic_a',replace('3×5+ Barbell Rows\n3×5+ Bench Press\n3×5+ Squats\n{ROUTINE}\nProgression\nAdd 2.5 lbs to the upper body lifts each day you do the lift.\nAdd 5 lbs to the lower body lifts each day you do the lift.\nIf you do more than 10 reps on your AMRAP set, double the weight progression and add 5/10lbs instead.\nIf you fail to complete at least 15 total reps for a lift, deload by subtracting 10% from the weight the next time you do that lift.\nhttps://thefitness.wiki/routines/r-fitness-basic-beginner-routine/','\n',char(10)));
INSERT OR REPLACE INTO workout VALUES('basic_b',replace('3×5+ Chinups (or equivalent)\n3×5+ Overhead Press\n3×5+ Deadlifts\n{ROUTINE}\nProgression\nAdd 2.5 lbs to the upper body lifts each day you do the lift.\nAdd 5 lbs to the lower body lifts each day you do the lift.\nIf you do more than 10 reps on your AMRAP set, double the weight progression and add 5/10lbs instead.\nIf you fail to complete at least 15 total reps for a lift, deload by subtracting 10% from the weight the next time you do that lift.\nhttps://thefitness.wiki/routines/r-fitness-basic-beginner-routine/','\n',char(10)));
INSERT OR REPLACE INTO workout VALUES('basic_low_cardio',replace('{PROGRESS}\nWalk/Jog for 30 minutes.','\n',char(10)));
INSERT OR REPLACE INTO workout VALUES('beginner 531 (week 1, day 1)','{531 template}');
INSERT OR REPLACE INTO workout VALUES('beginner 531 (week 1, day 2)','{531 template}');
INSERT OR REPLACE INTO workout VALUES('beginner 531 (week 1, day 3)','{531 template}');
INSERT OR REPLACE INTO workout VALUES('beginner 531 (week 2, day 1)','{531 template}');
INSERT OR REPLACE INTO workout VALUES('beginner 531 (week 2, day 2)','{531 template}');
INSERT OR REPLACE INTO workout VALUES('beginner 531 (week 2, day 3)','{531 template}');
INSERT OR REPLACE INTO workout VALUES('beginner 531 (week 3, day 1)','{531 template}');
INSERT OR REPLACE INTO workout VALUES('beginner 531 (week 3, day 2)','{531 template}');
INSERT OR REPLACE INTO workout VALUES('beginner 531 (week 3, day 3)','{531 template}');
INSERT OR REPLACE INTO workout VALUES('beginner_burpees',replace('4 x 2-minute rounds with 1 minute of rest between rounds\nhttps://www.bodybuilding.com/content/burpee-conditioning-no-more-nonsense.html','\n',char(10)));
INSERT OR REPLACE INTO workout VALUES('cardio','{PROGRESS}');
INSERT OR REPLACE INTO workout VALUES('light gym cardio','{PROGRESS}');
INSERT OR REPLACE INTO workout VALUES('magic_fifty',replace('Perform 5 circuits of the following:\n5 Dumbbell Snatches Per Arm\n5 Dumbbell Swings Per Arm\n10 Burpees\nRest 60 seconds and repeat\nhttp://rosstraining.com/blog/the-magic-50/','\n',char(10)));
INSERT OR REPLACE INTO workout VALUES('no_excuses',replace('First Round\nBurpees x 60 seconds\nPull-ups x 60 seconds\nSquats x 60 seconds\nPushups x 60 seconds\nSecond Round\nBurpees x 45 seconds\nPull-ups x 45 seconds\nSquats x 45 seconds\nPushups x 45 seconds\nThird Round\nBurpees x 30 seconds\nPull-ups x 30 seconds\nSquats x 30 seconds\nPushups x 30 seconds\nFourth Round\nBurpees x 15 seconds\nPull-ups x 15 seconds\nSquats x 15 seconds\nPushups x 15 seconds\nhttps://www.rosstraining.com/blog/no-excuses/','\n',char(10)));
INSERT OR REPLACE INTO workout VALUES('REST','');
INSERT OR REPLACE INTO workout VALUES('531 (push assistance work)','');
INSERT OR REPLACE INTO workout VALUES('531 (pull assistance work)','');
INSERT OR REPLACE INTO workout VALUES('531 (single leg/core assistance work)','');
INSERT OR REPLACE INTO workout VALUES('531 (assistance work)','{531 assistance template}');
INSERT OR REPLACE INTO workout VALUES('531 FSL (week 1, squat)','{531 template}');
INSERT OR REPLACE INTO workout VALUES('531 FSL (week 1, ohp)','{531 template}');
INSERT OR REPLACE INTO workout VALUES('531 FSL (week 1, deadlift)','{531 template}');
INSERT OR REPLACE INTO workout VALUES('531 FSL (week 1, bench)','{531 template}');
INSERT OR REPLACE INTO workout VALUES('531 FSL (week 2, squat)','{531 template}');
INSERT OR REPLACE INTO workout VALUES('531 FSL (week 2, ohp)','{531 template}');
INSERT OR REPLACE INTO workout VALUES('531 FSL (week 2, deadlift)','{531 template}');
INSERT OR REPLACE INTO workout VALUES('531 FSL (week 2, bench)','{531 template}');
INSERT OR REPLACE INTO workout VALUES('531 FSL (week 3, squat)','{531 template}');
INSERT OR REPLACE INTO workout VALUES('531 FSL (week 3, ohp)','{531 template}');
INSERT OR REPLACE INTO workout VALUES('531 FSL (week 3, deadlift)','{531 template}');
INSERT OR REPLACE INTO workout VALUES('531 FSL (week 3, bench)','{531 template}');
INSERT OR REPLACE INTO workout VALUES('531 (deload, squat)','{531 template}');
INSERT OR REPLACE INTO workout VALUES('531 (deload, ohp)','{531 template}');
INSERT OR REPLACE INTO workout VALUES('531 (deload, deadlift)','{531 template}');
INSERT OR REPLACE INTO workout VALUES('531 (deload, bench)','{531 template}');

-- Subworkouts
INSERT OR REPLACE INTO subworkout VALUES('531 (assistance work)','beginner 531 (week 1, day 1)');
INSERT OR REPLACE INTO subworkout VALUES('531 (assistance work)','beginner 531 (week 1, day 2)');
INSERT OR REPLACE INTO subworkout VALUES('531 (assistance work)','beginner 531 (week 1, day 3)');
INSERT OR REPLACE INTO subworkout VALUES('531 (assistance work)','beginner 531 (week 2, day 1)');
INSERT OR REPLACE INTO subworkout VALUES('531 (assistance work)','beginner 531 (week 2, day 2)');
INSERT OR REPLACE INTO subworkout VALUES('531 (assistance work)','beginner 531 (week 2, day 3)');
INSERT OR REPLACE INTO subworkout VALUES('531 (assistance work)','beginner 531 (week 3, day 1)');
INSERT OR REPLACE INTO subworkout VALUES('531 (assistance work)','beginner 531 (week 3, day 2)');
INSERT OR REPLACE INTO subworkout VALUES('531 (assistance work)','beginner 531 (week 3, day 3)');
INSERT OR REPLACE INTO subworkout VALUES('531 (push assistance work)','531 (assistance work)');
INSERT OR REPLACE INTO subworkout VALUES('531 (pull assistance work)','531 (assistance work)');
INSERT OR REPLACE INTO subworkout VALUES('531 (single leg/core assistance work)','531 (assistance work)');
INSERT OR REPLACE INTO subworkout VALUES('531 (assistance work)','531 FSL (week 1, squat)');
INSERT OR REPLACE INTO subworkout VALUES('531 (assistance work)','531 FSL (week 1, ohp)');
INSERT OR REPLACE INTO subworkout VALUES('531 (assistance work)','531 FSL (week 1, deadlift)');
INSERT OR REPLACE INTO subworkout VALUES('531 (assistance work)','531 FSL (week 1, bench)');
INSERT OR REPLACE INTO subworkout VALUES('531 (assistance work)','531 FSL (week 2, squat)');
INSERT OR REPLACE INTO subworkout VALUES('531 (assistance work)','531 FSL (week 2, ohp)');
INSERT OR REPLACE INTO subworkout VALUES('531 (assistance work)','531 FSL (week 2, deadlift)');
INSERT OR REPLACE INTO subworkout VALUES('531 (assistance work)','531 FSL (week 2, bench)');
INSERT OR REPLACE INTO subworkout VALUES('531 (assistance work)','531 FSL (week 3, squat)');
INSERT OR REPLACE INTO subworkout VALUES('531 (assistance work)','531 FSL (week 3, ohp)');
INSERT OR REPLACE INTO subworkout VALUES('531 (assistance work)','531 FSL (week 3, deadlift)');
INSERT OR REPLACE INTO subworkout VALUES('531 (assistance work)','531 FSL (week 3, bench)');
INSERT OR REPLACE INTO subworkout VALUES('531 (assistance work)','531 (deload, squat)');
INSERT OR REPLACE INTO subworkout VALUES('531 (assistance work)','531 (deload, ohp)');
INSERT OR REPLACE INTO subworkout VALUES('531 (assistance work)','531 (deload, deadlift)');
INSERT OR REPLACE INTO subworkout VALUES('531 (assistance work)','531 (deload, bench)');

-- Lift to workout mapping
INSERT OR REPLACE INTO lift_workout_mapping VALUES('Bent-over Row (BB)','531 (pull assistance work)');
INSERT OR REPLACE INTO lift_workout_mapping VALUES('Bent-over Row (DB)','531 (pull assistance work)');
INSERT OR REPLACE INTO lift_workout_mapping VALUES('Chinups','531 (pull assistance work)');
INSERT OR REPLACE INTO lift_workout_mapping VALUES('Curls (DB)','531 (pull assistance work)');
INSERT OR REPLACE INTO lift_workout_mapping VALUES('Face pulls','531 (pull assistance work)');
INSERT OR REPLACE INTO lift_workout_mapping VALUES('Lateral Raise (DB)','531 (pull assistance work)');
INSERT OR REPLACE INTO lift_workout_mapping VALUES('Preacher Curl (lever)','531 (pull assistance work)');
INSERT OR REPLACE INTO lift_workout_mapping VALUES('Pulldown (cable)','531 (pull assistance work)');
INSERT OR REPLACE INTO lift_workout_mapping VALUES('Pulldown (lever)','531 (pull assistance work)');
INSERT OR REPLACE INTO lift_workout_mapping VALUES('Rear Lateral Raise (DB)','531 (pull assistance work)');
INSERT OR REPLACE INTO lift_workout_mapping VALUES('Seated Row (lever)','531 (pull assistance work)');
INSERT OR REPLACE INTO lift_workout_mapping VALUES('Upright Row (DB)','531 (pull assistance work)');
INSERT OR REPLACE INTO lift_workout_mapping VALUES('Bench (BB)','531 (push assistance work)');
INSERT OR REPLACE INTO lift_workout_mapping VALUES('Bench (DB)','531 (push assistance work)');
INSERT OR REPLACE INTO lift_workout_mapping VALUES('Bench (Lever)','531 (push assistance work)');
INSERT OR REPLACE INTO lift_workout_mapping VALUES('Dips','531 (push assistance work)');
INSERT OR REPLACE INTO lift_workout_mapping VALUES('Fly (DB)','531 (push assistance work)');
INSERT OR REPLACE INTO lift_workout_mapping VALUES('Fly (lever)','531 (push assistance work)');
INSERT OR REPLACE INTO lift_workout_mapping VALUES('Incline Bench (BB)','531 (push assistance work)');
INSERT OR REPLACE INTO lift_workout_mapping VALUES('Incline Bench (DB)','531 (push assistance work)');
INSERT OR REPLACE INTO lift_workout_mapping VALUES('Incline Bench (Lever)','531 (push assistance work)');
INSERT OR REPLACE INTO lift_workout_mapping VALUES('OHP (BB)','531 (push assistance work)');
INSERT OR REPLACE INTO lift_workout_mapping VALUES('OHP (DB)','531 (push assistance work)');
INSERT OR REPLACE INTO lift_workout_mapping VALUES('Tri extension','531 (push assistance work)');
INSERT OR REPLACE INTO lift_workout_mapping VALUES('Tri pushdown','531 (push assistance work)');
INSERT OR REPLACE INTO lift_workout_mapping VALUES('Back raises','531 (single leg/core assistance work)');
INSERT OR REPLACE INTO lift_workout_mapping VALUES('Calf Raise (DB 1 leg)','531 (single leg/core assistance work)');
INSERT OR REPLACE INTO lift_workout_mapping VALUES('Calf Raise (seated lever)','531 (single leg/core assistance work)');
INSERT OR REPLACE INTO lift_workout_mapping VALUES('Hip Thrust (Lever)','531 (single leg/core assistance work)');
INSERT OR REPLACE INTO lift_workout_mapping VALUES('Leg Curl (lever lying)','531 (single leg/core assistance work)');
INSERT OR REPLACE INTO lift_workout_mapping VALUES('Leg Curl (seated 1 leg)','531 (single leg/core assistance work)');
INSERT OR REPLACE INTO lift_workout_mapping VALUES('Leg Extension (1 leg)','531 (single leg/core assistance work)');
INSERT OR REPLACE INTO lift_workout_mapping VALUES('Leg Press','531 (single leg/core assistance work)');
INSERT OR REPLACE INTO lift_workout_mapping VALUES('Leg Press (45°)','531 (single leg/core assistance work)');
INSERT OR REPLACE INTO lift_workout_mapping VALUES('Rev hypers','531 (single leg/core assistance work)');
INSERT OR REPLACE INTO lift_workout_mapping VALUES('Seated Crunch (lever)','531 (single leg/core assistance work)');
INSERT OR REPLACE INTO lift_workout_mapping VALUES('Split Squat (SL DB)','531 (single leg/core assistance work)');
INSERT OR REPLACE INTO lift_workout_mapping VALUES('Split Squat (SL Smith)','531 (single leg/core assistance work)');
INSERT OR REPLACE INTO lift_workout_mapping VALUES('Step-ups','531 (single leg/core assistance work)');
INSERT OR REPLACE INTO lift_workout_mapping VALUES('Stiff Leg Deadlift (BB)','531 (single leg/core assistance work)');
INSERT OR REPLACE INTO lift_workout_mapping VALUES('Stiff Leg Deadlift (DB)','531 (single leg/core assistance work)');
INSERT OR REPLACE INTO lift_workout_mapping VALUES('Bench (BB)','basic_a');
INSERT OR REPLACE INTO lift_workout_mapping VALUES('Bent-over Row (BB)','basic_a');
INSERT OR REPLACE INTO lift_workout_mapping VALUES('Squat','basic_a');
INSERT OR REPLACE INTO lift_workout_mapping VALUES('Chinups','basic_b');
INSERT OR REPLACE INTO lift_workout_mapping VALUES('Deadlift (hex)','basic_b');
INSERT OR REPLACE INTO lift_workout_mapping VALUES('OHP (BB)','basic_b');
INSERT OR REPLACE INTO lift_workout_mapping VALUES('Jog/Walk','basic_low_cardio');
INSERT OR REPLACE INTO lift_workout_mapping VALUES('Burpees','beginner_burpees');
INSERT OR REPLACE INTO lift_workout_mapping VALUES('3 mile run','cardio');
INSERT OR REPLACE INTO lift_workout_mapping VALUES('30 min run','cardio');
INSERT OR REPLACE INTO lift_workout_mapping VALUES('Gym Cardio','cardio');
INSERT OR REPLACE INTO lift_workout_mapping VALUES('2 mile run','light gym cardio');
INSERT OR REPLACE INTO lift_workout_mapping VALUES('Burpees','magic_fifty');
INSERT OR REPLACE INTO lift_workout_mapping VALUES('Magic Fifty','magic_fifty');
INSERT OR REPLACE INTO lift_workout_mapping VALUES('Snatch (DB)','magic_fifty');
INSERT OR REPLACE INTO lift_workout_mapping VALUES('Swing (DB)','magic_fifty');
INSERT OR REPLACE INTO lift_workout_mapping VALUES('Burpees','no_excuses');
INSERT OR REPLACE INTO lift_workout_mapping VALUES('Dips','no_excuses');
INSERT OR REPLACE INTO lift_workout_mapping VALUES('Pushups','no_excuses');
INSERT OR REPLACE INTO lift_workout_mapping VALUES('Squat','no_excuses');
INSERT OR REPLACE INTO lift_workout_mapping VALUES('Bench (Smith)','531 (push assistance work)');
INSERT OR REPLACE INTO lift_workout_mapping VALUES('Crunch (Cable Kneeling)','531 (single leg/core assistance work)');
INSERT OR REPLACE INTO lift_workout_mapping VALUES('Incline Bench (Smith)','531 (push assistance work)');
INSERT OR REPLACE INTO lift_workout_mapping VALUES('Calf Raise (Smith standing)','531 (single leg/core assistance work)');
INSERT OR REPLACE INTO lift_workout_mapping VALUES('Leg Curl (cable standing)','531 (single leg/core assistance work)');
INSERT OR REPLACE INTO lift_workout_mapping VALUES('OHP (lever)','531 (push assistance work)');
INSERT OR REPLACE INTO lift_workout_mapping VALUES('Lateral Raise (Lever)','531 (pull assistance work)');

-- Lifts
INSERT OR REPLACE INTO lift VALUES('2 mile run','',NULL,NULL,NULL);
INSERT OR REPLACE INTO lift VALUES('3 mile run','',NULL,NULL,NULL);
INSERT OR REPLACE INTO lift VALUES('30 min run','',NULL,NULL,NULL);
INSERT OR REPLACE INTO lift VALUES('Ab roller','https://exrx.net/WeightExercises/HipFlexors/BWKneelingWheelRollout',NULL,NULL,NULL);
INSERT OR REPLACE INTO lift VALUES('Back raises','https://upgradec.exrx.net/WeightExercises/ErectorSpinae/WtHyperextension','x1','AKA like a hyperextension',NULL);
INSERT OR REPLACE INTO lift VALUES('Band pullapart','https://romanfitnesssystems.com/articles/band-pull-aparts/',NULL,'AKA a reverse fly with bands: https://exrx.net/WeightExercises/DeltoidPosterior/CBStandingReverseFly',NULL);
INSERT OR REPLACE INTO lift VALUES('Bench (BB)','https://exrx.net/WeightExercises/PectoralSternal/BBBenchPress','x2+45',NULL,'push');
INSERT OR REPLACE INTO lift VALUES('Bench (DB)','https://exrx.net/WeightExercises/PectoralSternal/DBBenchPress','x2','Dumbbell Bench','push');
INSERT OR REPLACE INTO lift VALUES('Bench (BB 90% TM)','https://old.reddit.com/r/Fitness/comments/64l177/rfitness_learnin_megathread_series_the_bench_press/','x2+45',NULL,'~max');
INSERT OR REPLACE INTO lift VALUES('Bench (Lever)','https://exrx.net/WeightExercises/PectoralSternal/LVBenchPress','x2',NULL,'push');
INSERT OR REPLACE INTO lift VALUES('Bent-over Row (BB)','https://exrx.net/WeightExercises/BackGeneral/BBBentOverRow','x2+45',NULL,NULL);
INSERT OR REPLACE INTO lift VALUES('Bent-over Row (DB)','https://exrx.net/WeightExercises/BackGeneral/DBBentOverRow','x1','Dumbbell rows',NULL);
INSERT OR REPLACE INTO lift VALUES('Burpees','https://www.verywellfit.com/how-to-do-burpees-5076186',NULL,NULL,NULL);
INSERT OR REPLACE INTO lift VALUES('Calf Raise (DB 1 leg)','https://exrx.net/WeightExercises/Gastrocnemius/DBSingleLegCalfRaise','x2',NULL,NULL);
INSERT OR REPLACE INTO lift VALUES('Calf Raise (seated lever)','https://exrx.net/WeightExercises/Soleus/LVSeatedCalfRaise','x1',NULL,'core');
INSERT OR REPLACE INTO lift VALUES('Chinups (machine)','https://upgradec.exrx.net/WeightExercises/LatissimusDorsi/AsUnderhandChinup','x1',NULL,NULL);
INSERT OR REPLACE INTO lift VALUES('Chinups','https://exrx.net/WeightExercises/LatissimusDorsi/BWUnderhandChinup','x1',NULL,'pull');
INSERT OR REPLACE INTO lift VALUES('Curls (DB)','https://exrx.net/WeightExercises/Biceps/DBCurl','x1','Dumbbell curls','pull');
INSERT OR REPLACE INTO lift VALUES('Deadlift (hex)','https://upgradec.exrx.net/WeightExercises/ErectorSpinae/TBDeadlift','x2+60','Hex bar deadlift','core');
INSERT OR REPLACE INTO lift VALUES('Deadlift (con 90% TM)','https://exrx.net/WeightExercises/GluteusMaximus/BBDeadlift','x2+45','conventional deadlift',NULL);
INSERT OR REPLACE INTO lift VALUES('Deadlift (con)','https://exrx.net/WeightExercises/GluteusMaximus/BBDeadlift','x2+45','conventional deadlift',NULL);
INSERT OR REPLACE INTO lift VALUES('Deadlift (hex 90% TM)','https://upgradec.exrx.net/WeightExercises/ErectorSpinae/TBDeadlift','x2+60','Hex bar deadlift','~max');
INSERT OR REPLACE INTO lift VALUES('Dips','https://exrx.net/WeightExercises/Triceps/BWTriDip','x1',NULL,'push');
INSERT OR REPLACE INTO lift VALUES('Face pulls','https://www.verywellfit.com/face-pulls-exercise-for-stronger-shoulders-4161298','x1','aka Rear Delt Rows (rope): https://exrx.net/WeightExercises/DeltoidPosterior/CBRearDeltRow',NULL);
INSERT OR REPLACE INTO lift VALUES('Fly (DB)','https://exrx.net/WeightExercises/PectoralSternal/DBFly','x2',NULL,NULL);
INSERT OR REPLACE INTO lift VALUES('Fly (lever)','https://exrx.net/WeightExercises/PectoralSternal/CBStandingFly','x1',NULL,NULL);
INSERT OR REPLACE INTO lift VALUES('Fly (cable)','https://exrx.net/WeightExercises/PectoralSternal/LVSeatedFly','x2',NULL,NULL);
INSERT OR REPLACE INTO lift VALUES('Gym Cardio','',NULL,NULL,NULL);
INSERT OR REPLACE INTO lift VALUES('Hip Thrust (Lever)','https://upgradec.exrx.net/WeightExercises/GluteusMaximus/LVHipThrustPL','x2',NULL,'core');
INSERT OR REPLACE INTO lift VALUES('Incline Bench (BB)','https://exrx.net/WeightExercises/PectoralClavicular/BBInclineBenchPress','x2+45',NULL,'push');
INSERT OR REPLACE INTO lift VALUES('Incline Bench (DB)','https://exrx.net/WeightExercises/PectoralClavicular/DBInclineBenchPress','x2','Dumbbell incline','push');
INSERT OR REPLACE INTO lift VALUES('Incline Bench (Lever)','https://exrx.net/WeightExercises/PectoralClavicular/LVInclineBenchPress','x2',NULL,'push');
INSERT OR REPLACE INTO lift VALUES('Inverted rows','https://exrx.net/WeightExercises/BackGeneral/BWSupineRow',NULL,NULL,NULL);
INSERT OR REPLACE INTO lift VALUES('Jog/Walk','',NULL,NULL,NULL);
INSERT OR REPLACE INTO lift VALUES('Lateral Raise (DB)','https://exrx.net/WeightExercises/DeltoidLateral/DBLateralRaise','x2',NULL,'pull');
INSERT OR REPLACE INTO lift VALUES('Leg Curl (seated 1 leg)','https://exrx.net/WeightExercises/Hamstrings/LVSeatedLegCurl','x1',NULL,'core');
INSERT OR REPLACE INTO lift VALUES('Leg Curl (lever lying)','https://exrx.net/WeightExercises/Hamstrings/LVLyingLegCurl','x2',NULL,'core');
INSERT OR REPLACE INTO lift VALUES('Leg Curl (cable standing)','https://exrx.net/WeightExercises/Hamstrings/CBStandingLegCurl','x1',NULL,NULL);
INSERT OR REPLACE INTO lift VALUES('Leg Extension (1 leg)','https://exrx.net/WeightExercises/Quadriceps/LVLegExtension','x1',NULL,'core');
INSERT OR REPLACE INTO lift VALUES('Leg Press','https://exrx.net/WeightExercises/Quadriceps/SL45LegPress','x1',NULL,'core');
INSERT OR REPLACE INTO lift VALUES('Leg Press (45°)','https://exrx.net/WeightExercises/Quadriceps/SL45LegPress','x2',NULL,'core');
INSERT OR REPLACE INTO lift VALUES('Lunges','https://exrx.net/WeightExercises/Quadriceps/DBLunge','x2',NULL,NULL);
INSERT OR REPLACE INTO lift VALUES('Magic Fifty','',NULL,NULL,NULL);
INSERT OR REPLACE INTO lift VALUES('OHP (BB)','https://exrx.net/WeightExercises/DeltoidAnterior/BBMilitaryPress','x2+45',NULL,'push');
INSERT OR REPLACE INTO lift VALUES('OHP (DB)','https://exrx.net/WeightExercises/DeltoidAnterior/DBShoulderPress','x2','Dumbbell overhead press','push');
INSERT OR REPLACE INTO lift VALUES('OHP (BB 90% TM)','https://exrx.net/WeightExercises/DeltoidAnterior/BBMilitaryPress','x2+45',NULL,'~max');
INSERT OR REPLACE INTO lift VALUES('Preacher Curl (lever)','https://exrx.net/WeightExercises/Brachialis/LVPreacherCurl','x1',NULL,'pull');
INSERT OR REPLACE INTO lift VALUES('Preacher Curl (BB)','https://exrx.net/WeightExercises/Brachialis/BBPreacherCurl','x2+45',NULL,'pull');
INSERT OR REPLACE INTO lift VALUES('Pulldown (cable)','https://exrx.net/WeightExercises/LatissimusDorsi/CBFrontPulldown','x1',NULL,'pull');
INSERT OR REPLACE INTO lift VALUES('Pulldown (lever)','https://exrx.net/WeightExercises/LatissimusDorsi/LVFrontPulldown','x1',NULL,'pull');
INSERT OR REPLACE INTO lift VALUES('Pullups','https://exrx.net/WeightExercises/LatissimusDorsi/BWPullup',NULL,NULL,'pull');
INSERT OR REPLACE INTO lift VALUES('Pushups','https://exrx.net/WeightExercises/PectoralSternal/BWPushup',NULL,NULL,'push');
INSERT OR REPLACE INTO lift VALUES('Rear Lateral Raise (DB)','https://exrx.net/WeightExercises/DeltoidPosterior/DBRearLateralRaise','x2',NULL,'pull');
INSERT OR REPLACE INTO lift VALUES('Rev hypers','https://exrx.net/WeightExercises/GluteusMaximus/WtReverseHyperextension',NULL,NULL,NULL);
INSERT OR REPLACE INTO lift VALUES('Seated Crunch (lever)','https://exrx.net/WeightExercises/RectusAbdominis/LVSeatedCrunch','x1',NULL,'core');
INSERT OR REPLACE INTO lift VALUES('Seated Row (lever)','https://exrx.net/WeightExercises/BackGeneral/LVSeatedRow','x2',NULL,'pull');
INSERT OR REPLACE INTO lift VALUES('Seated Row (cable)','https://exrx.net/WeightExercises/BackGeneral/CBSeatedRow','x1',NULL,'pull');
INSERT OR REPLACE INTO lift VALUES('Snatch (DB)','https://exrx.net/WeightExercises/OlympicLifts/DBSnatch','x1','Dumbbell snatches',NULL);
INSERT OR REPLACE INTO lift VALUES('Snatch (KB)','https://exrx.net/WeightExercises/Kettlebell/KBSnatch','x1',NULL,NULL);
INSERT OR REPLACE INTO lift VALUES('Split Squat (SL DB)','https://exrx.net/WeightExercises/Quadriceps/BWSingleLegSplitSquat','x2',NULL,NULL);
INSERT OR REPLACE INTO lift VALUES('Split Squat (SL Smith)','https://upgradec.exrx.net/WeightExercises/Quadriceps/SMSingleLegSplitSquat','x2',NULL,NULL);
INSERT OR REPLACE INTO lift VALUES('Squat','https://exrx.net/WeightExercises/Quadriceps/BBSquat','x2+45',NULL,'core');
INSERT OR REPLACE INTO lift VALUES('Squat (90% TM)','https://exrx.net/WeightExercises/Quadriceps/BBSquat','x2+45',NULL,'~max');
INSERT OR REPLACE INTO lift VALUES('Squat (pre-COVID)','https://old.reddit.com/r/Fitness/comments/68ntnm/rfitness_learnin_megathread_series_the_back_squat/','x2+45','Added for backfilling old data.',NULL);
INSERT OR REPLACE INTO lift VALUES('Step-ups','https://exrx.net/WeightExercises/Quadriceps/DBStepUp','x2',NULL,NULL);
INSERT OR REPLACE INTO lift VALUES('Stiff Leg Deadlift (BB)','https://exrx.net/WeightExercises/Hamstrings/BBStraightLegDeadlift','x2+45',NULL,'core');
INSERT OR REPLACE INTO lift VALUES('Stiff Leg Deadlift (DB)','https://exrx.net/WeightExercises/Hamstrings/DBStrBackStrLegDeadlift','x2',NULL,'core');
INSERT OR REPLACE INTO lift VALUES('Swing (DB)','https://exrx.net/WeightExercises/Power/DBLowSwing','x1','Dumbbell swings',NULL);
INSERT OR REPLACE INTO lift VALUES('Swing (KB)','https://www.verywellfit.com/how-to-kettlebell-swing-techniques-benefits-variations-4691529','x1',NULL,NULL);
INSERT OR REPLACE INTO lift VALUES('Treadmill 5K','',NULL,NULL,NULL);
INSERT OR REPLACE INTO lift VALUES('Tri extension','https://exrx.net/WeightExercises/Triceps/DBTriExt','x1',NULL,NULL);
INSERT OR REPLACE INTO lift VALUES('Tri pushdown','https://exrx.net/WeightExercises/Triceps/CBPushdown','x1',NULL,'push');
INSERT OR REPLACE INTO lift VALUES('Upright Row (DB)','https://exrx.net/WeightExercises/DeltoidLateral/DBUprightRow','x2',NULL,'pull');
INSERT OR REPLACE INTO lift VALUES('OHP (lever)','https://exrx.net/WeightExercises/DeltoidAnterior/LVShoulderPress','x1',NULL,'push');
INSERT OR REPLACE INTO lift VALUES('Bench (Smith)','','x2',NULL,'push');
INSERT OR REPLACE INTO lift VALUES('Crunch (Cable Kneeling)','https://exrx.net/WeightExercises/RectusAbdominis/CBKneelingCrunch','x1',NULL,'core');
INSERT OR REPLACE INTO lift VALUES('Incline Bench (Smith)','','x2',NULL,'push');
INSERT OR REPLACE INTO lift VALUES('Calf Raise (Smith standing)','https://exrx.net/WeightExercises/Gastrocnemius/SMStandingCalfRaise','x2',NULL,'core');
INSERT OR REPLACE INTO lift VALUES('Lateral Raise (Lever)','https://exrx.net/WeightExercises/DeltoidLateral/LVLateralRaise','x1',NULL,'pull');
INSERT OR REPLACE INTO lift VALUES('Chest Press','','x1',NULL,'push');
INSERT OR REPLACE INTO lift VALUES('Dyna Body','','x2',NULL,'push');

-- Lift to muscle mapping
INSERT OR REPLACE INTO lift_muscle_mapping VALUES('Seated Crunch (lever)','Abs','Target');
INSERT OR REPLACE INTO lift_muscle_mapping VALUES('Lateral Raise (DB)','Abs','Synergist');
INSERT OR REPLACE INTO lift_muscle_mapping VALUES('Tri pushdown','Abs','Stabilizer');
INSERT OR REPLACE INTO lift_muscle_mapping VALUES('Deadlift (con)','Abs','A Stabilizer');
INSERT OR REPLACE INTO lift_muscle_mapping VALUES('Deadlift (hex)','Abs','A Stabilizer');
INSERT OR REPLACE INTO lift_muscle_mapping VALUES('Hip Thrust (Lever)','Abs','A Stabilizer');
INSERT OR REPLACE INTO lift_muscle_mapping VALUES('Inverted rows','Abs','A Stabilizer');
INSERT OR REPLACE INTO lift_muscle_mapping VALUES('Rev hypers','Abs','A Stabilizer');
INSERT OR REPLACE INTO lift_muscle_mapping VALUES('Squat','Abs','A Stabilizer');
INSERT OR REPLACE INTO lift_muscle_mapping VALUES('Stiff Leg Deadlift (BB)','Abs','A Stabilizer');
INSERT OR REPLACE INTO lift_muscle_mapping VALUES('Stiff Leg Deadlift (DB)','Abs','A Stabilizer');
INSERT OR REPLACE INTO lift_muscle_mapping VALUES('Back raises','Adductors','Synergist');
INSERT OR REPLACE INTO lift_muscle_mapping VALUES('Deadlift (con)','Adductors','Synergist');
INSERT OR REPLACE INTO lift_muscle_mapping VALUES('Deadlift (hex)','Adductors','Synergist');
INSERT OR REPLACE INTO lift_muscle_mapping VALUES('Leg Curl (cable standing)','Adductors','Synergist');
INSERT OR REPLACE INTO lift_muscle_mapping VALUES('Leg Curl (lever lying)','Adductors','Synergist');
INSERT OR REPLACE INTO lift_muscle_mapping VALUES('Leg Press','Adductors','Synergist');
INSERT OR REPLACE INTO lift_muscle_mapping VALUES('Leg Press (45°)','Adductors','Synergist');
INSERT OR REPLACE INTO lift_muscle_mapping VALUES('Lunges','Adductors','Synergist');
INSERT OR REPLACE INTO lift_muscle_mapping VALUES('Split Squat (SL DB)','Adductors','Synergist');
INSERT OR REPLACE INTO lift_muscle_mapping VALUES('Split Squat (SL Smith)','Adductors','Synergist');
INSERT OR REPLACE INTO lift_muscle_mapping VALUES('Squat','Adductors','Synergist');
INSERT OR REPLACE INTO lift_muscle_mapping VALUES('Step-ups','Adductors','Synergist');
INSERT OR REPLACE INTO lift_muscle_mapping VALUES('Stiff Leg Deadlift (BB)','Adductors','Synergist');
INSERT OR REPLACE INTO lift_muscle_mapping VALUES('Stiff Leg Deadlift (DB)','Adductors','Synergist');
INSERT OR REPLACE INTO lift_muscle_mapping VALUES('Bent-over Row (BB)','Adductors','Stabilizer');
INSERT OR REPLACE INTO lift_muscle_mapping VALUES('Rear Lateral Raise (DB)','Adductors','Stabilizer');
INSERT OR REPLACE INTO lift_muscle_mapping VALUES('Bent-over Row (BB)','Back','Target');
INSERT OR REPLACE INTO lift_muscle_mapping VALUES('Bent-over Row (DB)','Back','Target');
INSERT OR REPLACE INTO lift_muscle_mapping VALUES('Inverted rows','Back','Target');
INSERT OR REPLACE INTO lift_muscle_mapping VALUES('Seated Row (cable)','Back','Target');
INSERT OR REPLACE INTO lift_muscle_mapping VALUES('Seated Row (lever)','Back','Target');
INSERT OR REPLACE INTO lift_muscle_mapping VALUES('Back raises','Back, L','Target');
INSERT OR REPLACE INTO lift_muscle_mapping VALUES('Stiff Leg Deadlift (BB)','Back, L','Synergist');
INSERT OR REPLACE INTO lift_muscle_mapping VALUES('Stiff Leg Deadlift (DB)','Back, L','Synergist');
INSERT OR REPLACE INTO lift_muscle_mapping VALUES('Bent-over Row (BB)','Back, L','Stabilizer');
INSERT OR REPLACE INTO lift_muscle_mapping VALUES('Deadlift (con)','Back, L','Stabilizer');
INSERT OR REPLACE INTO lift_muscle_mapping VALUES('Deadlift (hex)','Back, L','Stabilizer');
INSERT OR REPLACE INTO lift_muscle_mapping VALUES('Hip Thrust (Lever)','Back, L','Stabilizer');
INSERT OR REPLACE INTO lift_muscle_mapping VALUES('Inverted rows','Back, L','Stabilizer');
INSERT OR REPLACE INTO lift_muscle_mapping VALUES('Lunges','Back, L','Stabilizer');
INSERT OR REPLACE INTO lift_muscle_mapping VALUES('Rear Lateral Raise (DB)','Back, L','Stabilizer');
INSERT OR REPLACE INTO lift_muscle_mapping VALUES('Rev hypers','Back, L','Stabilizer');
INSERT OR REPLACE INTO lift_muscle_mapping VALUES('Squat','Back, L','Stabilizer');
INSERT OR REPLACE INTO lift_muscle_mapping VALUES('Step-ups','Back, L','Stabilizer');
INSERT OR REPLACE INTO lift_muscle_mapping VALUES('Bent-over Row (BB)','Back, M','Synergist');
INSERT OR REPLACE INTO lift_muscle_mapping VALUES('Bent-over Row (DB)','Back, M','Synergist');
INSERT OR REPLACE INTO lift_muscle_mapping VALUES('Chinups','Back, M','Synergist');
INSERT OR REPLACE INTO lift_muscle_mapping VALUES('Chinups (machine)','Back, M','Synergist');
INSERT OR REPLACE INTO lift_muscle_mapping VALUES('Dips','Back, M','Synergist');
INSERT OR REPLACE INTO lift_muscle_mapping VALUES('Inverted rows','Back, M','Synergist');
INSERT OR REPLACE INTO lift_muscle_mapping VALUES('Pulldown (cable)','Back, M','Synergist');
INSERT OR REPLACE INTO lift_muscle_mapping VALUES('Pulldown (lever)','Back, M','Synergist');
INSERT OR REPLACE INTO lift_muscle_mapping VALUES('Pullups','Back, M','Synergist');
INSERT OR REPLACE INTO lift_muscle_mapping VALUES('Rear Lateral Raise (DB)','Back, M','Synergist');
INSERT OR REPLACE INTO lift_muscle_mapping VALUES('Seated Row (cable)','Back, M','Synergist');
INSERT OR REPLACE INTO lift_muscle_mapping VALUES('Seated Row (lever)','Back, M','Synergist');
INSERT OR REPLACE INTO lift_muscle_mapping VALUES('Deadlift (con)','Back, M','Stabilizer');
INSERT OR REPLACE INTO lift_muscle_mapping VALUES('Deadlift (hex)','Back, M','Stabilizer');
INSERT OR REPLACE INTO lift_muscle_mapping VALUES('Stiff Leg Deadlift (BB)','Back, M','Stabilizer');
INSERT OR REPLACE INTO lift_muscle_mapping VALUES('Stiff Leg Deadlift (DB)','Back, M','Stabilizer');
INSERT OR REPLACE INTO lift_muscle_mapping VALUES('Bent-over Row (BB)','Back, O','Synergist');
INSERT OR REPLACE INTO lift_muscle_mapping VALUES('Bent-over Row (DB)','Back, O','Synergist');
INSERT OR REPLACE INTO lift_muscle_mapping VALUES('Chinups','Back, O','Synergist');
INSERT OR REPLACE INTO lift_muscle_mapping VALUES('Chinups (machine)','Back, O','Synergist');
INSERT OR REPLACE INTO lift_muscle_mapping VALUES('Inverted rows','Back, O','Synergist');
INSERT OR REPLACE INTO lift_muscle_mapping VALUES('Pullups','Back, O','Synergist');
INSERT OR REPLACE INTO lift_muscle_mapping VALUES('Seated Row (cable)','Back, O','Synergist');
INSERT OR REPLACE INTO lift_muscle_mapping VALUES('Seated Row (lever)','Back, O','Synergist');
INSERT OR REPLACE INTO lift_muscle_mapping VALUES('Tri pushdown','Back, O','Stabilizer');
INSERT OR REPLACE INTO lift_muscle_mapping VALUES('Curls (DB)','Biceps','Target');
INSERT OR REPLACE INTO lift_muscle_mapping VALUES('Fly (DB)','Biceps','Synergist');
INSERT OR REPLACE INTO lift_muscle_mapping VALUES('Fly (lever)','Biceps','Synergist');
INSERT OR REPLACE INTO lift_muscle_mapping VALUES('Preacher Curl (BB)','Biceps','Synergist');
INSERT OR REPLACE INTO lift_muscle_mapping VALUES('Preacher Curl (lever)','Biceps','Synergist');
INSERT OR REPLACE INTO lift_muscle_mapping VALUES('Pulldown (cable)','Biceps','Synergist');
INSERT OR REPLACE INTO lift_muscle_mapping VALUES('Pulldown (lever)','Biceps','Synergist');
INSERT OR REPLACE INTO lift_muscle_mapping VALUES('Pullups','Biceps','Synergist');
INSERT OR REPLACE INTO lift_muscle_mapping VALUES('Upright Row (DB)','Biceps','Synergist');
INSERT OR REPLACE INTO lift_muscle_mapping VALUES('Fly (DB)','Biceps','Stabilizer');
INSERT OR REPLACE INTO lift_muscle_mapping VALUES('Fly (lever)','Biceps','Stabilizer');
INSERT OR REPLACE INTO lift_muscle_mapping VALUES('Leg Extension (1 leg)','Biceps','Stabilizer');
INSERT OR REPLACE INTO lift_muscle_mapping VALUES('Bench (BB)','Biceps','D Stabilizer');
INSERT OR REPLACE INTO lift_muscle_mapping VALUES('Bench (DB)','Biceps','D Stabilizer');
INSERT OR REPLACE INTO lift_muscle_mapping VALUES('Bench (Lever)','Biceps','D Stabilizer');
INSERT OR REPLACE INTO lift_muscle_mapping VALUES('Bent-over Row (BB)','Biceps','D Stabilizer');
INSERT OR REPLACE INTO lift_muscle_mapping VALUES('Bent-over Row (DB)','Biceps','D Stabilizer');
INSERT OR REPLACE INTO lift_muscle_mapping VALUES('Chinups','Biceps','D Stabilizer');
INSERT OR REPLACE INTO lift_muscle_mapping VALUES('Chinups (machine)','Biceps','D Stabilizer');
INSERT OR REPLACE INTO lift_muscle_mapping VALUES('Dips','Biceps','D Stabilizer');
INSERT OR REPLACE INTO lift_muscle_mapping VALUES('Incline Bench (BB)','Biceps','D Stabilizer');
INSERT OR REPLACE INTO lift_muscle_mapping VALUES('Incline Bench (DB)','Biceps','D Stabilizer');
INSERT OR REPLACE INTO lift_muscle_mapping VALUES('Incline Bench (Lever)','Biceps','D Stabilizer');
INSERT OR REPLACE INTO lift_muscle_mapping VALUES('Inverted rows','Biceps','D Stabilizer');
INSERT OR REPLACE INTO lift_muscle_mapping VALUES('OHP (BB)','Biceps','D Stabilizer');
INSERT OR REPLACE INTO lift_muscle_mapping VALUES('OHP (DB)','Biceps','D Stabilizer');
INSERT OR REPLACE INTO lift_muscle_mapping VALUES('Pushups','Biceps','D Stabilizer');
INSERT OR REPLACE INTO lift_muscle_mapping VALUES('Seated Row (cable)','Biceps','D Stabilizer');
INSERT OR REPLACE INTO lift_muscle_mapping VALUES('Seated Row (lever)','Biceps','D Stabilizer');
INSERT OR REPLACE INTO lift_muscle_mapping VALUES('Preacher Curl (BB)','Biceps, L','Target');
INSERT OR REPLACE INTO lift_muscle_mapping VALUES('Preacher Curl (lever)','Biceps, L','Target');
INSERT OR REPLACE INTO lift_muscle_mapping VALUES('Bent-over Row (BB)','Biceps, L','Synergist');
INSERT OR REPLACE INTO lift_muscle_mapping VALUES('Bent-over Row (DB)','Biceps, L','Synergist');
INSERT OR REPLACE INTO lift_muscle_mapping VALUES('Chinups','Biceps, L','Synergist');
INSERT OR REPLACE INTO lift_muscle_mapping VALUES('Chinups (machine)','Biceps, L','Synergist');
INSERT OR REPLACE INTO lift_muscle_mapping VALUES('Curls (DB)','Biceps, L','Synergist');
INSERT OR REPLACE INTO lift_muscle_mapping VALUES('Inverted rows','Biceps, L','Synergist');
INSERT OR REPLACE INTO lift_muscle_mapping VALUES('Pulldown (cable)','Biceps, L','Synergist');
INSERT OR REPLACE INTO lift_muscle_mapping VALUES('Pulldown (lever)','Biceps, L','Synergist');
INSERT OR REPLACE INTO lift_muscle_mapping VALUES('Pullups','Biceps, L','Synergist');
INSERT OR REPLACE INTO lift_muscle_mapping VALUES('Seated Row (cable)','Biceps, L','Synergist');
INSERT OR REPLACE INTO lift_muscle_mapping VALUES('Seated Row (lever)','Biceps, L','Synergist');
INSERT OR REPLACE INTO lift_muscle_mapping VALUES('Upright Row (DB)','Biceps, L','Synergist');
INSERT OR REPLACE INTO lift_muscle_mapping VALUES('Fly (DB)','Biceps, L','Stabilizer');
INSERT OR REPLACE INTO lift_muscle_mapping VALUES('Fly (lever)','Biceps, L','Stabilizer');
INSERT OR REPLACE INTO lift_muscle_mapping VALUES('Leg Extension (1 leg)','Biceps, L','Stabilizer');
INSERT OR REPLACE INTO lift_muscle_mapping VALUES('Bench (BB)','Chest','Target');
INSERT OR REPLACE INTO lift_muscle_mapping VALUES('Bench (DB)','Chest','Target');
INSERT OR REPLACE INTO lift_muscle_mapping VALUES('Bench (Lever)','Chest','Target');
INSERT OR REPLACE INTO lift_muscle_mapping VALUES('Fly (DB)','Chest','Target');
INSERT OR REPLACE INTO lift_muscle_mapping VALUES('Fly (lever)','Chest','Target');
INSERT OR REPLACE INTO lift_muscle_mapping VALUES('Pushups','Chest','Target');
INSERT OR REPLACE INTO lift_muscle_mapping VALUES('Bent-over Row (BB)','Chest','Synergist');
INSERT OR REPLACE INTO lift_muscle_mapping VALUES('Bent-over Row (DB)','Chest','Synergist');
INSERT OR REPLACE INTO lift_muscle_mapping VALUES('Chinups','Chest','Synergist');
INSERT OR REPLACE INTO lift_muscle_mapping VALUES('Chinups (machine)','Chest','Synergist');
INSERT OR REPLACE INTO lift_muscle_mapping VALUES('Dips','Chest','Synergist');
INSERT OR REPLACE INTO lift_muscle_mapping VALUES('Incline Bench (BB)','Chest','Synergist');
INSERT OR REPLACE INTO lift_muscle_mapping VALUES('Incline Bench (DB)','Chest','Synergist');
INSERT OR REPLACE INTO lift_muscle_mapping VALUES('Incline Bench (Lever)','Chest','Synergist');
INSERT OR REPLACE INTO lift_muscle_mapping VALUES('Inverted rows','Chest','Synergist');
INSERT OR REPLACE INTO lift_muscle_mapping VALUES('Pulldown (cable)','Chest','Synergist');
INSERT OR REPLACE INTO lift_muscle_mapping VALUES('Pulldown (lever)','Chest','Synergist');
INSERT OR REPLACE INTO lift_muscle_mapping VALUES('Pullups','Chest','Synergist');
INSERT OR REPLACE INTO lift_muscle_mapping VALUES('Pushups','Chest','Synergist');
INSERT OR REPLACE INTO lift_muscle_mapping VALUES('Seated Row (cable)','Chest','Synergist');
INSERT OR REPLACE INTO lift_muscle_mapping VALUES('Seated Row (lever)','Chest','Synergist');
INSERT OR REPLACE INTO lift_muscle_mapping VALUES('Seated Crunch (lever)','Chest','Stabilizer');
INSERT OR REPLACE INTO lift_muscle_mapping VALUES('Tri pushdown','Chest','Stabilizer');
INSERT OR REPLACE INTO lift_muscle_mapping VALUES('Incline Bench (BB)','Chest, U','Target');
INSERT OR REPLACE INTO lift_muscle_mapping VALUES('Incline Bench (DB)','Chest, U','Target');
INSERT OR REPLACE INTO lift_muscle_mapping VALUES('Incline Bench (Lever)','Chest, U','Target');
INSERT OR REPLACE INTO lift_muscle_mapping VALUES('Bench (BB)','Chest, U','Synergist');
INSERT OR REPLACE INTO lift_muscle_mapping VALUES('Bench (DB)','Chest, U','Synergist');
INSERT OR REPLACE INTO lift_muscle_mapping VALUES('Bench (Lever)','Chest, U','Synergist');
INSERT OR REPLACE INTO lift_muscle_mapping VALUES('Dips','Chest, U','Synergist');
INSERT OR REPLACE INTO lift_muscle_mapping VALUES('Fly (DB)','Chest, U','Synergist');
INSERT OR REPLACE INTO lift_muscle_mapping VALUES('Fly (lever)','Chest, U','Synergist');
INSERT OR REPLACE INTO lift_muscle_mapping VALUES('OHP (BB)','Chest, U','Synergist');
INSERT OR REPLACE INTO lift_muscle_mapping VALUES('OHP (DB)','Chest, U','Synergist');
INSERT OR REPLACE INTO lift_muscle_mapping VALUES('Tri extension','Chest, U','Stabilizer');
INSERT OR REPLACE INTO lift_muscle_mapping VALUES('OHP (BB)','Delts, F','Target');
INSERT OR REPLACE INTO lift_muscle_mapping VALUES('OHP (DB)','Delts, F','Target');
INSERT OR REPLACE INTO lift_muscle_mapping VALUES('Bench (BB)','Delts, F','Synergist');
INSERT OR REPLACE INTO lift_muscle_mapping VALUES('Bench (DB)','Delts, F','Synergist');
INSERT OR REPLACE INTO lift_muscle_mapping VALUES('Bench (Lever)','Delts, F','Synergist');
INSERT OR REPLACE INTO lift_muscle_mapping VALUES('Dips','Delts, F','Synergist');
INSERT OR REPLACE INTO lift_muscle_mapping VALUES('Fly (DB)','Delts, F','Synergist');
INSERT OR REPLACE INTO lift_muscle_mapping VALUES('Fly (lever)','Delts, F','Synergist');
INSERT OR REPLACE INTO lift_muscle_mapping VALUES('Incline Bench (BB)','Delts, F','Synergist');
INSERT OR REPLACE INTO lift_muscle_mapping VALUES('Incline Bench (DB)','Delts, F','Synergist');
INSERT OR REPLACE INTO lift_muscle_mapping VALUES('Incline Bench (Lever)','Delts, F','Synergist');
INSERT OR REPLACE INTO lift_muscle_mapping VALUES('Lateral Raise (DB)','Delts, F','Synergist');
INSERT OR REPLACE INTO lift_muscle_mapping VALUES('Pushups','Delts, F','Synergist');
INSERT OR REPLACE INTO lift_muscle_mapping VALUES('Upright Row (DB)','Delts, F','Synergist');
INSERT OR REPLACE INTO lift_muscle_mapping VALUES('Curls (DB)','Delts, F','Stabilizer');
INSERT OR REPLACE INTO lift_muscle_mapping VALUES('Tri extension','Delts, F','Stabilizer');
INSERT OR REPLACE INTO lift_muscle_mapping VALUES('Band pullapart','Delts, R','Target');
INSERT OR REPLACE INTO lift_muscle_mapping VALUES('Face pulls','Delts, R','Target');
INSERT OR REPLACE INTO lift_muscle_mapping VALUES('Rear Lateral Raise (DB)','Delts, R','Target');
INSERT OR REPLACE INTO lift_muscle_mapping VALUES('Bent-over Row (BB)','Delts, R','Synergist');
INSERT OR REPLACE INTO lift_muscle_mapping VALUES('Bent-over Row (DB)','Delts, R','Synergist');
INSERT OR REPLACE INTO lift_muscle_mapping VALUES('Inverted rows','Delts, R','Synergist');
INSERT OR REPLACE INTO lift_muscle_mapping VALUES('Pulldown (cable)','Delts, R','Synergist');
INSERT OR REPLACE INTO lift_muscle_mapping VALUES('Pulldown (lever)','Delts, R','Synergist');
INSERT OR REPLACE INTO lift_muscle_mapping VALUES('Seated Row (cable)','Delts, R','Synergist');
INSERT OR REPLACE INTO lift_muscle_mapping VALUES('Seated Row (lever)','Delts, R','Synergist');
INSERT OR REPLACE INTO lift_muscle_mapping VALUES('Seated Crunch (lever)','Delts, R','Stabilizer');
INSERT OR REPLACE INTO lift_muscle_mapping VALUES('Tri pushdown','Delts, R','Stabilizer');
INSERT OR REPLACE INTO lift_muscle_mapping VALUES('Lateral Raise (DB)','Delts, S','Target');
INSERT OR REPLACE INTO lift_muscle_mapping VALUES('Upright Row (DB)','Delts, S','Target');
INSERT OR REPLACE INTO lift_muscle_mapping VALUES('OHP (BB)','Delts, S','Synergist');
INSERT OR REPLACE INTO lift_muscle_mapping VALUES('OHP (DB)','Delts, S','Synergist');
INSERT OR REPLACE INTO lift_muscle_mapping VALUES('Rear Lateral Raise (DB)','Delts, S','Synergist');
INSERT OR REPLACE INTO lift_muscle_mapping VALUES('Bent-over Row (BB)','Forearm','Synergist');
INSERT OR REPLACE INTO lift_muscle_mapping VALUES('Bent-over Row (DB)','Forearm','Synergist');
INSERT OR REPLACE INTO lift_muscle_mapping VALUES('Chinups','Forearm','Synergist');
INSERT OR REPLACE INTO lift_muscle_mapping VALUES('Chinups (machine)','Forearm','Synergist');
INSERT OR REPLACE INTO lift_muscle_mapping VALUES('Curls (DB)','Forearm','Synergist');
INSERT OR REPLACE INTO lift_muscle_mapping VALUES('Inverted rows','Forearm','Synergist');
INSERT OR REPLACE INTO lift_muscle_mapping VALUES('Preacher Curl (BB)','Forearm','Synergist');
INSERT OR REPLACE INTO lift_muscle_mapping VALUES('Preacher Curl (lever)','Forearm','Synergist');
INSERT OR REPLACE INTO lift_muscle_mapping VALUES('Pullups','Forearm','Synergist');
INSERT OR REPLACE INTO lift_muscle_mapping VALUES('Seated Row (cable)','Forearm','Synergist');
INSERT OR REPLACE INTO lift_muscle_mapping VALUES('Seated Row (lever)','Forearm','Synergist');
INSERT OR REPLACE INTO lift_muscle_mapping VALUES('Upright Row (DB)','Forearm','Synergist');
INSERT OR REPLACE INTO lift_muscle_mapping VALUES('Leg Extension (1 leg)','Forearm','Stabilizer');
INSERT OR REPLACE INTO lift_muscle_mapping VALUES('Calf Raise (DB 1 leg)','Gastrocnemius','Target');
INSERT OR REPLACE INTO lift_muscle_mapping VALUES('Calf Raise (seated lever)','Gastrocnemius','Synergist');
INSERT OR REPLACE INTO lift_muscle_mapping VALUES('Leg Curl (cable standing)','Gastrocnemius','Synergist');
INSERT OR REPLACE INTO lift_muscle_mapping VALUES('Leg Curl (lever lying)','Gastrocnemius','Synergist');
INSERT OR REPLACE INTO lift_muscle_mapping VALUES('Leg Curl (seated 1 leg)','Gastrocnemius','Synergist');
INSERT OR REPLACE INTO lift_muscle_mapping VALUES('Step-ups','Gastrocnemius','Synergist');
INSERT OR REPLACE INTO lift_muscle_mapping VALUES('Deadlift (con)','Gastrocnemius','D Stabilizer');
INSERT OR REPLACE INTO lift_muscle_mapping VALUES('Deadlift (hex)','Gastrocnemius','D Stabilizer');
INSERT OR REPLACE INTO lift_muscle_mapping VALUES('Leg Press','Gastrocnemius','D Stabilizer');
INSERT OR REPLACE INTO lift_muscle_mapping VALUES('Leg Press (45°)','Gastrocnemius','D Stabilizer');
INSERT OR REPLACE INTO lift_muscle_mapping VALUES('Lunges','Gastrocnemius','D Stabilizer');
INSERT OR REPLACE INTO lift_muscle_mapping VALUES('Split Squat (SL DB)','Gastrocnemius','D Stabilizer');
INSERT OR REPLACE INTO lift_muscle_mapping VALUES('Split Squat (SL Smith)','Gastrocnemius','D Stabilizer');
INSERT OR REPLACE INTO lift_muscle_mapping VALUES('Squat','Gastrocnemius','D Stabilizer');
INSERT OR REPLACE INTO lift_muscle_mapping VALUES('Step-ups','Gastrocnemius','D Stabilizer');
INSERT OR REPLACE INTO lift_muscle_mapping VALUES('Deadlift (con)','Glutes','Target');
INSERT OR REPLACE INTO lift_muscle_mapping VALUES('Deadlift (hex)','Glutes','Target');
INSERT OR REPLACE INTO lift_muscle_mapping VALUES('Hip Thrust (Lever)','Glutes','Target');
INSERT OR REPLACE INTO lift_muscle_mapping VALUES('Rev hypers','Glutes','Target');
INSERT OR REPLACE INTO lift_muscle_mapping VALUES('Back raises','Glutes','Synergist');
INSERT OR REPLACE INTO lift_muscle_mapping VALUES('Leg Press','Glutes','Synergist');
INSERT OR REPLACE INTO lift_muscle_mapping VALUES('Leg Press (45°)','Glutes','Synergist');
INSERT OR REPLACE INTO lift_muscle_mapping VALUES('Lunges','Glutes','Synergist');
INSERT OR REPLACE INTO lift_muscle_mapping VALUES('Split Squat (SL DB)','Glutes','Synergist');
INSERT OR REPLACE INTO lift_muscle_mapping VALUES('Split Squat (SL Smith)','Glutes','Synergist');
INSERT OR REPLACE INTO lift_muscle_mapping VALUES('Squat','Glutes','Synergist');
INSERT OR REPLACE INTO lift_muscle_mapping VALUES('Step-ups','Glutes','Synergist');
INSERT OR REPLACE INTO lift_muscle_mapping VALUES('Stiff Leg Deadlift (BB)','Glutes','Synergist');
INSERT OR REPLACE INTO lift_muscle_mapping VALUES('Stiff Leg Deadlift (DB)','Glutes','Synergist');
INSERT OR REPLACE INTO lift_muscle_mapping VALUES('Bent-over Row (BB)','Glutes','Stabilizer');
INSERT OR REPLACE INTO lift_muscle_mapping VALUES('Inverted rows','Glutes','Stabilizer');
INSERT OR REPLACE INTO lift_muscle_mapping VALUES('Rear Lateral Raise (DB)','Glutes','Stabilizer');
INSERT OR REPLACE INTO lift_muscle_mapping VALUES('Leg Curl (cable standing)','Hamstrings','Target');
INSERT OR REPLACE INTO lift_muscle_mapping VALUES('Leg Curl (lever lying)','Hamstrings','Target');
INSERT OR REPLACE INTO lift_muscle_mapping VALUES('Leg Curl (seated 1 leg)','Hamstrings','Target');
INSERT OR REPLACE INTO lift_muscle_mapping VALUES('Stiff Leg Deadlift (BB)','Hamstrings','Target');
INSERT OR REPLACE INTO lift_muscle_mapping VALUES('Stiff Leg Deadlift (DB)','Hamstrings','Target');
INSERT OR REPLACE INTO lift_muscle_mapping VALUES('Back raises','Hamstrings','Synergist');
INSERT OR REPLACE INTO lift_muscle_mapping VALUES('Deadlift (con)','Hamstrings','Synergist');
INSERT OR REPLACE INTO lift_muscle_mapping VALUES('Deadlift (hex)','Hamstrings','Synergist');
INSERT OR REPLACE INTO lift_muscle_mapping VALUES('Rev hypers','Hamstrings','Synergist');
INSERT OR REPLACE INTO lift_muscle_mapping VALUES('Bent-over Row (BB)','Hamstrings','Stabilizer');
INSERT OR REPLACE INTO lift_muscle_mapping VALUES('Inverted rows','Hamstrings','Stabilizer');
INSERT OR REPLACE INTO lift_muscle_mapping VALUES('Rear Lateral Raise (DB)','Hamstrings','Stabilizer');
INSERT OR REPLACE INTO lift_muscle_mapping VALUES('Deadlift (con)','Hamstrings','D Stabilizer');
INSERT OR REPLACE INTO lift_muscle_mapping VALUES('Deadlift (hex)','Hamstrings','D Stabilizer');
INSERT OR REPLACE INTO lift_muscle_mapping VALUES('Hip Thrust (Lever)','Hamstrings','D Stabilizer');
INSERT OR REPLACE INTO lift_muscle_mapping VALUES('Leg Press','Hamstrings','D Stabilizer');
INSERT OR REPLACE INTO lift_muscle_mapping VALUES('Leg Press (45°)','Hamstrings','D Stabilizer');
INSERT OR REPLACE INTO lift_muscle_mapping VALUES('Lunges','Hamstrings','D Stabilizer');
INSERT OR REPLACE INTO lift_muscle_mapping VALUES('Split Squat (SL DB)','Hamstrings','D Stabilizer');
INSERT OR REPLACE INTO lift_muscle_mapping VALUES('Split Squat (SL Smith)','Hamstrings','D Stabilizer');
INSERT OR REPLACE INTO lift_muscle_mapping VALUES('Squat','Hamstrings','D Stabilizer');
INSERT OR REPLACE INTO lift_muscle_mapping VALUES('Step-ups','Hamstrings','D Stabilizer');
INSERT OR REPLACE INTO lift_muscle_mapping VALUES('Ab roller','Hips','Target');
INSERT OR REPLACE INTO lift_muscle_mapping VALUES('Calf Raise (DB 1 leg)','Hips','Stabilizer');
INSERT OR REPLACE INTO lift_muscle_mapping VALUES('Split Squat (SL DB)','Hips','Stabilizer');
INSERT OR REPLACE INTO lift_muscle_mapping VALUES('Split Squat (SL Smith)','Hips','Stabilizer');
INSERT OR REPLACE INTO lift_muscle_mapping VALUES('Step-ups','Hips','Stabilizer');
INSERT OR REPLACE INTO lift_muscle_mapping VALUES('Bent-over Row (BB)','Infraspinatus','Synergist');
INSERT OR REPLACE INTO lift_muscle_mapping VALUES('Bent-over Row (DB)','Infraspinatus','Synergist');
INSERT OR REPLACE INTO lift_muscle_mapping VALUES('Inverted rows','Infraspinatus','Synergist');
INSERT OR REPLACE INTO lift_muscle_mapping VALUES('Rear Lateral Raise (DB)','Infraspinatus','Synergist');
INSERT OR REPLACE INTO lift_muscle_mapping VALUES('Upright Row (DB)','Infraspinatus','Synergist');
INSERT OR REPLACE INTO lift_muscle_mapping VALUES('Chinups','Lats','Target');
INSERT OR REPLACE INTO lift_muscle_mapping VALUES('Chinups (machine)','Lats','Target');
INSERT OR REPLACE INTO lift_muscle_mapping VALUES('Pulldown (cable)','Lats','Target');
INSERT OR REPLACE INTO lift_muscle_mapping VALUES('Pulldown (lever)','Lats','Target');
INSERT OR REPLACE INTO lift_muscle_mapping VALUES('Pullups','Lats','Target');
INSERT OR REPLACE INTO lift_muscle_mapping VALUES('Bent-over Row (BB)','Lats','Synergist');
INSERT OR REPLACE INTO lift_muscle_mapping VALUES('Bent-over Row (DB)','Lats','Synergist');
INSERT OR REPLACE INTO lift_muscle_mapping VALUES('Dips','Lats','Synergist');
INSERT OR REPLACE INTO lift_muscle_mapping VALUES('Seated Row (cable)','Lats','Synergist');
INSERT OR REPLACE INTO lift_muscle_mapping VALUES('Seated Row (lever)','Lats','Synergist');
INSERT OR REPLACE INTO lift_muscle_mapping VALUES('Seated Crunch (lever)','Lats','Stabilizer');
INSERT OR REPLACE INTO lift_muscle_mapping VALUES('Stiff Leg Deadlift (BB)','Lats','Stabilizer');
INSERT OR REPLACE INTO lift_muscle_mapping VALUES('Stiff Leg Deadlift (DB)','Lats','Stabilizer');
INSERT OR REPLACE INTO lift_muscle_mapping VALUES('Tri pushdown','Lats','Stabilizer');
INSERT OR REPLACE INTO lift_muscle_mapping VALUES('Snatch (DB)','Legs','Target');
INSERT OR REPLACE INTO lift_muscle_mapping VALUES('Snatch (KB)','Legs','Target');
INSERT OR REPLACE INTO lift_muscle_mapping VALUES('Swing (DB)','Legs','Target');
INSERT OR REPLACE INTO lift_muscle_mapping VALUES('Swing (KB)','Legs','Target');
INSERT OR REPLACE INTO lift_muscle_mapping VALUES('Dips','Neck, Rear','Synergist');
INSERT OR REPLACE INTO lift_muscle_mapping VALUES('Pulldown (cable)','Neck, Rear','Synergist');
INSERT OR REPLACE INTO lift_muscle_mapping VALUES('Pulldown (lever)','Neck, Rear','Synergist');
INSERT OR REPLACE INTO lift_muscle_mapping VALUES('Curls (DB)','Neck, Rear','Stabilizer');
INSERT OR REPLACE INTO lift_muscle_mapping VALUES('Deadlift (con)','Neck, Rear','Stabilizer');
INSERT OR REPLACE INTO lift_muscle_mapping VALUES('Deadlift (hex)','Neck, Rear','Stabilizer');
INSERT OR REPLACE INTO lift_muscle_mapping VALUES('Lateral Raise (DB)','Neck, Rear','Stabilizer');
INSERT OR REPLACE INTO lift_muscle_mapping VALUES('Leg Extension (1 leg)','Neck, Rear','Stabilizer');
INSERT OR REPLACE INTO lift_muscle_mapping VALUES('OHP (BB)','Neck, Rear','Stabilizer');
INSERT OR REPLACE INTO lift_muscle_mapping VALUES('OHP (DB)','Neck, Rear','Stabilizer');
INSERT OR REPLACE INTO lift_muscle_mapping VALUES('Step-ups','Neck, Rear','Stabilizer');
INSERT OR REPLACE INTO lift_muscle_mapping VALUES('Stiff Leg Deadlift (BB)','Neck, Rear','Stabilizer');
INSERT OR REPLACE INTO lift_muscle_mapping VALUES('Stiff Leg Deadlift (DB)','Neck, Rear','Stabilizer');
INSERT OR REPLACE INTO lift_muscle_mapping VALUES('Upright Row (DB)','Neck, Rear','Stabilizer');
INSERT OR REPLACE INTO lift_muscle_mapping VALUES('Seated Crunch (lever)','Obliques','Synergist');
INSERT OR REPLACE INTO lift_muscle_mapping VALUES('Calf Raise (DB 1 leg)','Obliques','Stabilizer');
INSERT OR REPLACE INTO lift_muscle_mapping VALUES('Leg Curl (cable standing)','Obliques','Stabilizer');
INSERT OR REPLACE INTO lift_muscle_mapping VALUES('Lunges','Obliques','Stabilizer');
INSERT OR REPLACE INTO lift_muscle_mapping VALUES('Pushups','Obliques','Stabilizer');
INSERT OR REPLACE INTO lift_muscle_mapping VALUES('Step-ups','Obliques','Stabilizer');
INSERT OR REPLACE INTO lift_muscle_mapping VALUES('Tri pushdown','Obliques','Stabilizer');
INSERT OR REPLACE INTO lift_muscle_mapping VALUES('Deadlift (con)','Obliques','A Stabilizer');
INSERT OR REPLACE INTO lift_muscle_mapping VALUES('Deadlift (hex)','Obliques','A Stabilizer');
INSERT OR REPLACE INTO lift_muscle_mapping VALUES('Hip Thrust (Lever)','Obliques','A Stabilizer');
INSERT OR REPLACE INTO lift_muscle_mapping VALUES('Inverted rows','Obliques','A Stabilizer');
INSERT OR REPLACE INTO lift_muscle_mapping VALUES('Rev hypers','Obliques','A Stabilizer');
INSERT OR REPLACE INTO lift_muscle_mapping VALUES('Squat','Obliques','A Stabilizer');
INSERT OR REPLACE INTO lift_muscle_mapping VALUES('Stiff Leg Deadlift (BB)','Obliques','A Stabilizer');
INSERT OR REPLACE INTO lift_muscle_mapping VALUES('Stiff Leg Deadlift (DB)','Obliques','A Stabilizer');
INSERT OR REPLACE INTO lift_muscle_mapping VALUES('Leg Extension (1 leg)','Quads','Target');
INSERT OR REPLACE INTO lift_muscle_mapping VALUES('Leg Press','Quads','Target');
INSERT OR REPLACE INTO lift_muscle_mapping VALUES('Leg Press (45°)','Quads','Target');
INSERT OR REPLACE INTO lift_muscle_mapping VALUES('Lunges','Quads','Target');
INSERT OR REPLACE INTO lift_muscle_mapping VALUES('Split Squat (SL DB)','Quads','Target');
INSERT OR REPLACE INTO lift_muscle_mapping VALUES('Split Squat (SL Smith)','Quads','Target');
INSERT OR REPLACE INTO lift_muscle_mapping VALUES('Squat','Quads','Target');
INSERT OR REPLACE INTO lift_muscle_mapping VALUES('Step-ups','Quads','Target');
INSERT OR REPLACE INTO lift_muscle_mapping VALUES('Deadlift (con)','Quads','Synergist');
INSERT OR REPLACE INTO lift_muscle_mapping VALUES('Deadlift (hex)','Quads','Synergist');
INSERT OR REPLACE INTO lift_muscle_mapping VALUES('Hip Thrust (Lever)','Quads','Synergist');
INSERT OR REPLACE INTO lift_muscle_mapping VALUES('Bent-over Row (BB)','Quads','Stabilizer');
INSERT OR REPLACE INTO lift_muscle_mapping VALUES('Pushups','Quads','Stabilizer');
INSERT OR REPLACE INTO lift_muscle_mapping VALUES('Rear Lateral Raise (DB)','Quads','Stabilizer');
INSERT OR REPLACE INTO lift_muscle_mapping VALUES('Leg Curl (lever lying)','Quads','A Stabilizer');
INSERT OR REPLACE INTO lift_muscle_mapping VALUES('Lateral Raise (DB)','Serratus Anterior','Synergist');
INSERT OR REPLACE INTO lift_muscle_mapping VALUES('OHP (BB)','Serratus Anterior','Synergist');
INSERT OR REPLACE INTO lift_muscle_mapping VALUES('OHP (DB)','Serratus Anterior','Synergist');
INSERT OR REPLACE INTO lift_muscle_mapping VALUES('Upright Row (DB)','Serratus Anterior','Synergist');
INSERT OR REPLACE INTO lift_muscle_mapping VALUES('Leg Curl (cable standing)','Shin','Stabilizer');
INSERT OR REPLACE INTO lift_muscle_mapping VALUES('Lunges','Shin','Stabilizer');
INSERT OR REPLACE INTO lift_muscle_mapping VALUES('Leg Curl (lever lying)','Shin','A Stabilizer');
INSERT OR REPLACE INTO lift_muscle_mapping VALUES('Leg Curl (seated 1 leg)','Shin','A Stabilizer');
INSERT OR REPLACE INTO lift_muscle_mapping VALUES('Calf Raise (seated lever)','Soleus','Target');
INSERT OR REPLACE INTO lift_muscle_mapping VALUES('Calf Raise (DB 1 leg)','Soleus','Synergist');
INSERT OR REPLACE INTO lift_muscle_mapping VALUES('Deadlift (con)','Soleus','Synergist');
INSERT OR REPLACE INTO lift_muscle_mapping VALUES('Deadlift (hex)','Soleus','Synergist');
INSERT OR REPLACE INTO lift_muscle_mapping VALUES('Leg Press','Soleus','Synergist');
INSERT OR REPLACE INTO lift_muscle_mapping VALUES('Leg Press (45°)','Soleus','Synergist');
INSERT OR REPLACE INTO lift_muscle_mapping VALUES('Lunges','Soleus','Synergist');
INSERT OR REPLACE INTO lift_muscle_mapping VALUES('Split Squat (SL DB)','Soleus','Synergist');
INSERT OR REPLACE INTO lift_muscle_mapping VALUES('Split Squat (SL Smith)','Soleus','Synergist');
INSERT OR REPLACE INTO lift_muscle_mapping VALUES('Squat','Soleus','Synergist');
INSERT OR REPLACE INTO lift_muscle_mapping VALUES('Step-ups','Soleus','Synergist');
INSERT OR REPLACE INTO lift_muscle_mapping VALUES('Lateral Raise (DB)','Supraspinatus','Synergist');
INSERT OR REPLACE INTO lift_muscle_mapping VALUES('Upright Row (DB)','Supraspinatus','Synergist');
INSERT OR REPLACE INTO lift_muscle_mapping VALUES('Bent-over Row (BB)','Teres Minor','Synergist');
INSERT OR REPLACE INTO lift_muscle_mapping VALUES('Bent-over Row (DB)','Teres Minor','Synergist');
INSERT OR REPLACE INTO lift_muscle_mapping VALUES('Inverted rows','Teres Minor','Synergist');
INSERT OR REPLACE INTO lift_muscle_mapping VALUES('Rear Lateral Raise (DB)','Teres Minor','Synergist');
INSERT OR REPLACE INTO lift_muscle_mapping VALUES('Seated Row (cable)','Teres Minor','Synergist');
INSERT OR REPLACE INTO lift_muscle_mapping VALUES('Seated Row (lever)','Teres Minor','Synergist');
INSERT OR REPLACE INTO lift_muscle_mapping VALUES('Upright Row (DB)','Teres Minor','Synergist');
INSERT OR REPLACE INTO lift_muscle_mapping VALUES('Bent-over Row (BB)','Traps','Synergist');
INSERT OR REPLACE INTO lift_muscle_mapping VALUES('Bent-over Row (DB)','Traps','Synergist');
INSERT OR REPLACE INTO lift_muscle_mapping VALUES('Chinups','Traps','Synergist');
INSERT OR REPLACE INTO lift_muscle_mapping VALUES('Chinups (machine)','Traps','Synergist');
INSERT OR REPLACE INTO lift_muscle_mapping VALUES('Inverted rows','Traps','Synergist');
INSERT OR REPLACE INTO lift_muscle_mapping VALUES('Lateral Raise (DB)','Traps','Synergist');
INSERT OR REPLACE INTO lift_muscle_mapping VALUES('OHP (BB)','Traps','Synergist');
INSERT OR REPLACE INTO lift_muscle_mapping VALUES('OHP (DB)','Traps','Synergist');
INSERT OR REPLACE INTO lift_muscle_mapping VALUES('Pulldown (cable)','Traps','Synergist');
INSERT OR REPLACE INTO lift_muscle_mapping VALUES('Pulldown (lever)','Traps','Synergist');
INSERT OR REPLACE INTO lift_muscle_mapping VALUES('Pullups','Traps','Synergist');
INSERT OR REPLACE INTO lift_muscle_mapping VALUES('Rear Lateral Raise (DB)','Traps','Synergist');
INSERT OR REPLACE INTO lift_muscle_mapping VALUES('Seated Row (cable)','Traps','Synergist');
INSERT OR REPLACE INTO lift_muscle_mapping VALUES('Seated Row (lever)','Traps','Synergist');
INSERT OR REPLACE INTO lift_muscle_mapping VALUES('Upright Row (DB)','Traps','Synergist');
INSERT OR REPLACE INTO lift_muscle_mapping VALUES('Calf Raise (DB 1 leg)','Traps','Stabilizer');
INSERT OR REPLACE INTO lift_muscle_mapping VALUES('Curls (DB)','Traps','Stabilizer');
INSERT OR REPLACE INTO lift_muscle_mapping VALUES('Deadlift (con)','Traps','Stabilizer');
INSERT OR REPLACE INTO lift_muscle_mapping VALUES('Deadlift (hex)','Traps','Stabilizer');
INSERT OR REPLACE INTO lift_muscle_mapping VALUES('Leg Extension (1 leg)','Traps','Stabilizer');
INSERT OR REPLACE INTO lift_muscle_mapping VALUES('Step-ups','Traps','Stabilizer');
INSERT OR REPLACE INTO lift_muscle_mapping VALUES('Stiff Leg Deadlift (BB)','Traps','Stabilizer');
INSERT OR REPLACE INTO lift_muscle_mapping VALUES('Stiff Leg Deadlift (DB)','Traps','Stabilizer');
INSERT OR REPLACE INTO lift_muscle_mapping VALUES('Bent-over Row (BB)','Traps, L','Synergist');
INSERT OR REPLACE INTO lift_muscle_mapping VALUES('Bent-over Row (DB)','Traps, L','Synergist');
INSERT OR REPLACE INTO lift_muscle_mapping VALUES('Chinups','Traps, L','Synergist');
INSERT OR REPLACE INTO lift_muscle_mapping VALUES('Chinups (machine)','Traps, L','Synergist');
INSERT OR REPLACE INTO lift_muscle_mapping VALUES('Inverted rows','Traps, L','Synergist');
INSERT OR REPLACE INTO lift_muscle_mapping VALUES('Lateral Raise (DB)','Traps, L','Synergist');
INSERT OR REPLACE INTO lift_muscle_mapping VALUES('OHP (BB)','Traps, L','Synergist');
INSERT OR REPLACE INTO lift_muscle_mapping VALUES('OHP (DB)','Traps, L','Synergist');
INSERT OR REPLACE INTO lift_muscle_mapping VALUES('Pulldown (cable)','Traps, L','Synergist');
INSERT OR REPLACE INTO lift_muscle_mapping VALUES('Pulldown (lever)','Traps, L','Synergist');
INSERT OR REPLACE INTO lift_muscle_mapping VALUES('Pullups','Traps, L','Synergist');
INSERT OR REPLACE INTO lift_muscle_mapping VALUES('Rear Lateral Raise (DB)','Traps, L','Synergist');
INSERT OR REPLACE INTO lift_muscle_mapping VALUES('Seated Row (cable)','Traps, L','Synergist');
INSERT OR REPLACE INTO lift_muscle_mapping VALUES('Seated Row (lever)','Traps, L','Synergist');
INSERT OR REPLACE INTO lift_muscle_mapping VALUES('Upright Row (DB)','Traps, L','Synergist');
INSERT OR REPLACE INTO lift_muscle_mapping VALUES('Dips','Traps, L','Stabilizer');
INSERT OR REPLACE INTO lift_muscle_mapping VALUES('Lunges','Traps, L','Stabilizer');
INSERT OR REPLACE INTO lift_muscle_mapping VALUES('Stiff Leg Deadlift (BB)','Traps, L','Stabilizer');
INSERT OR REPLACE INTO lift_muscle_mapping VALUES('Stiff Leg Deadlift (DB)','Traps, L','Stabilizer');
INSERT OR REPLACE INTO lift_muscle_mapping VALUES('Tri pushdown','Traps, L','Stabilizer');
INSERT OR REPLACE INTO lift_muscle_mapping VALUES('Calf Raise (DB 1 leg)','Traps, U','Stabilizer');
INSERT OR REPLACE INTO lift_muscle_mapping VALUES('Curls (DB)','Traps, U','Stabilizer');
INSERT OR REPLACE INTO lift_muscle_mapping VALUES('Deadlift (con)','Traps, U','Stabilizer');
INSERT OR REPLACE INTO lift_muscle_mapping VALUES('Deadlift (hex)','Traps, U','Stabilizer');
INSERT OR REPLACE INTO lift_muscle_mapping VALUES('Lateral Raise (DB)','Traps, U','Stabilizer');
INSERT OR REPLACE INTO lift_muscle_mapping VALUES('Leg Extension (1 leg)','Traps, U','Stabilizer');
INSERT OR REPLACE INTO lift_muscle_mapping VALUES('Lunges','Traps, U','Stabilizer');
INSERT OR REPLACE INTO lift_muscle_mapping VALUES('OHP (BB)','Traps, U','Stabilizer');
INSERT OR REPLACE INTO lift_muscle_mapping VALUES('OHP (DB)','Traps, U','Stabilizer');
INSERT OR REPLACE INTO lift_muscle_mapping VALUES('Step-ups','Traps, U','Stabilizer');
INSERT OR REPLACE INTO lift_muscle_mapping VALUES('Stiff Leg Deadlift (BB)','Traps, U','Stabilizer');
INSERT OR REPLACE INTO lift_muscle_mapping VALUES('Stiff Leg Deadlift (DB)','Traps, U','Stabilizer');
INSERT OR REPLACE INTO lift_muscle_mapping VALUES('Upright Row (DB)','Traps, U','Stabilizer');
INSERT OR REPLACE INTO lift_muscle_mapping VALUES('Dips','Triceps','Target');
INSERT OR REPLACE INTO lift_muscle_mapping VALUES('Tri extension','Triceps','Target');
INSERT OR REPLACE INTO lift_muscle_mapping VALUES('Tri pushdown','Triceps','Target');
INSERT OR REPLACE INTO lift_muscle_mapping VALUES('Bench (BB)','Triceps','Synergist');
INSERT OR REPLACE INTO lift_muscle_mapping VALUES('Bench (DB)','Triceps','Synergist');
INSERT OR REPLACE INTO lift_muscle_mapping VALUES('Bench (Lever)','Triceps','Synergist');
INSERT OR REPLACE INTO lift_muscle_mapping VALUES('Incline Bench (BB)','Triceps','Synergist');
INSERT OR REPLACE INTO lift_muscle_mapping VALUES('Incline Bench (DB)','Triceps','Synergist');
INSERT OR REPLACE INTO lift_muscle_mapping VALUES('Incline Bench (Lever)','Triceps','Synergist');
INSERT OR REPLACE INTO lift_muscle_mapping VALUES('OHP (BB)','Triceps','Synergist');
INSERT OR REPLACE INTO lift_muscle_mapping VALUES('OHP (DB)','Triceps','Synergist');
INSERT OR REPLACE INTO lift_muscle_mapping VALUES('Pushups','Triceps','Synergist');
INSERT OR REPLACE INTO lift_muscle_mapping VALUES('Fly (DB)','Triceps','Stabilizer');
INSERT OR REPLACE INTO lift_muscle_mapping VALUES('Rear Lateral Raise (DB)','Triceps','Stabilizer');
INSERT OR REPLACE INTO lift_muscle_mapping VALUES('Seated Crunch (lever)','Triceps','Stabilizer');
INSERT OR REPLACE INTO lift_muscle_mapping VALUES('Bent-over Row (BB)','Triceps','D Stabilizer');
INSERT OR REPLACE INTO lift_muscle_mapping VALUES('Bent-over Row (DB)','Triceps','D Stabilizer');
INSERT OR REPLACE INTO lift_muscle_mapping VALUES('Chinups','Triceps','D Stabilizer');
INSERT OR REPLACE INTO lift_muscle_mapping VALUES('Chinups (machine)','Triceps','D Stabilizer');
INSERT OR REPLACE INTO lift_muscle_mapping VALUES('Inverted rows','Triceps','D Stabilizer');
INSERT OR REPLACE INTO lift_muscle_mapping VALUES('OHP (BB)','Triceps','D Stabilizer');
INSERT OR REPLACE INTO lift_muscle_mapping VALUES('OHP (DB)','Triceps','D Stabilizer');
INSERT OR REPLACE INTO lift_muscle_mapping VALUES('Pulldown (cable)','Triceps','D Stabilizer');
INSERT OR REPLACE INTO lift_muscle_mapping VALUES('Pulldown (lever)','Triceps','D Stabilizer');
INSERT OR REPLACE INTO lift_muscle_mapping VALUES('Pullups','Triceps','D Stabilizer');
INSERT OR REPLACE INTO lift_muscle_mapping VALUES('Seated Row (cable)','Triceps','D Stabilizer');
INSERT OR REPLACE INTO lift_muscle_mapping VALUES('Seated Row (lever)','Triceps','D Stabilizer');
INSERT OR REPLACE INTO lift_muscle_mapping VALUES('Curls (DB)','Wrist Flexors','Stabilizer');
INSERT OR REPLACE INTO lift_muscle_mapping VALUES('Fly (DB)','Wrist Flexors','Stabilizer');
INSERT OR REPLACE INTO lift_muscle_mapping VALUES('Fly (lever)','Wrist Flexors','Stabilizer');
INSERT OR REPLACE INTO lift_muscle_mapping VALUES('Lateral Raise (DB)','Wrist Flexors','Stabilizer');
INSERT OR REPLACE INTO lift_muscle_mapping VALUES('Preacher Curl (BB)','Wrist Flexors','Stabilizer');
INSERT OR REPLACE INTO lift_muscle_mapping VALUES('Preacher Curl (lever)','Wrist Flexors','Stabilizer');
INSERT OR REPLACE INTO lift_muscle_mapping VALUES('Rear Lateral Raise (DB)','Wrist Flexors','Stabilizer');
INSERT OR REPLACE INTO lift_muscle_mapping VALUES('Tri extension','Wrist Flexors','Stabilizer');
INSERT OR REPLACE INTO lift_muscle_mapping VALUES('Tri pushdown','Wrist Flexors','Stabilizer');

-- Muscles
INSERT OR REPLACE INTO muscle VALUES('Abs','https://exrx.net/Muscles/RectusAbdominis','MRV 25+, 3-5x');
INSERT OR REPLACE INTO muscle VALUES('Adductors','https://exrx.net/Muscles/Adductors',NULL);
INSERT OR REPLACE INTO muscle VALUES('Back','','MRV 25+, 2-4x');
INSERT OR REPLACE INTO muscle VALUES('Back, L','https://exrx.net/Muscles/ErectorSpinae','MRV 25+, 2-4x');
INSERT OR REPLACE INTO muscle VALUES('Back, M','https://exrx.net/Muscles/Rhomboids','MRV 25+, 2-4x');
INSERT OR REPLACE INTO muscle VALUES('Back, O','https://exrx.net/Muscles/TeresMajor','MRV 25+, 2-4x');
INSERT OR REPLACE INTO muscle VALUES('Biceps','https://exrx.net/Muscles/BicepsBrachii','MRV 26+, 2-6x');
INSERT OR REPLACE INTO muscle VALUES('Biceps, L','https://exrx.net/Muscles/Brachialis','MRV 26+, 2-6x');
INSERT OR REPLACE INTO muscle VALUES('Chest','https://exrx.net/Muscles/PectoralisSternal','MRV 15-25, 2-4x');
INSERT OR REPLACE INTO muscle VALUES('Chest, U','https://exrx.net/Muscles/PectoralisClavicular','MRV 15-25, 2-4x');
INSERT OR REPLACE INTO muscle VALUES('Delts, F','https://exrx.net/Muscles/DeltoidAnterior','MRV 12+, 1-2x');
INSERT OR REPLACE INTO muscle VALUES('Delts, R','https://exrx.net/Muscles/DeltoidPosterior','MRV 26+, 2-6x');
INSERT OR REPLACE INTO muscle VALUES('Delts, S','https://exrx.net/Muscles/DeltoidLateral','MRV 26+, 2-6x');
INSERT OR REPLACE INTO muscle VALUES('Forearm','https://exrx.net/Muscles/Brachioradialis',NULL);
INSERT OR REPLACE INTO muscle VALUES('Gastrocnemius','https://exrx.net/Muscles/Gastrocnemius','MRV 20+, 2-4x');
INSERT OR REPLACE INTO muscle VALUES('Glutes','https://exrx.net/Muscles/GluteusMaximus','MRV 16+, 2-3x');
INSERT OR REPLACE INTO muscle VALUES('Hamstrings','https://exrx.net/Muscles/Hamstrings','MRV 20+, 2-3x');
INSERT OR REPLACE INTO muscle VALUES('Hips','https://exrx.net/Muscles/Iliopsoas',NULL);
INSERT OR REPLACE INTO muscle VALUES('Infraspinatus','https://exrx.net/Muscles/Infraspinatus',NULL);
INSERT OR REPLACE INTO muscle VALUES('Lats','https://exrx.net/Muscles/LatissimusDorsi',NULL);
INSERT OR REPLACE INTO muscle VALUES('Legs','',NULL);
INSERT OR REPLACE INTO muscle VALUES('Neck, Rear','https://exrx.net/Muscles/LevatorScapulae',NULL);
INSERT OR REPLACE INTO muscle VALUES('Obliques','https://exrx.net/Muscles/RectusAbdominis',NULL);
INSERT OR REPLACE INTO muscle VALUES('Quads','https://exrx.net/Muscles/Quadriceps','MRV 15-25, 2-4x');
INSERT OR REPLACE INTO muscle VALUES('Soleus','https://exrx.net/Muscles/Soleus','MRV 20+, 2-4x');
INSERT OR REPLACE INTO muscle VALUES('Teres Minor','https://exrx.net/Muscles/TeresMinor',NULL);
INSERT OR REPLACE INTO muscle VALUES('Traps','https://exrx.net/Muscles/TrapeziusMiddle','MRV 26+, 2-6x');
INSERT OR REPLACE INTO muscle VALUES('Traps, L','https://exrx.net/Muscles/TrapeziusLower','MRV 26+, 2-6x');
INSERT OR REPLACE INTO muscle VALUES('Traps, U','https://exrx.net/Muscles/TrapeziusUpper','MRV 26+, 2-6x');
INSERT OR REPLACE INTO muscle VALUES('Triceps','https://exrx.net/Muscles/TricepsBrachii','MRV 18+, 2-4x');
INSERT OR REPLACE INTO muscle VALUES('Wrist Flexors','https://exrx.net/Muscles/WristFlexors',NULL);
INSERT OR REPLACE INTO muscle VALUES('Supraspinatus','https://exrx.net/Muscles/Supraspinatus',NULL);
INSERT OR REPLACE INTO muscle VALUES('Serratus Anterior','https://exrx.net/Muscles/SerratusAnterior',NULL);
INSERT OR REPLACE INTO muscle VALUES('Shin','https://exrx.net/Muscles/TibialisAnterior',NULL);

-- Movements
INSERT OR REPLACE INTO movement VALUES('Target','t');
INSERT OR REPLACE INTO movement VALUES('Synergist','s');
INSERT OR REPLACE INTO movement VALUES('Stabilizer','st');
INSERT OR REPLACE INTO movement VALUES('D Stabilizer','dst');
INSERT OR REPLACE INTO movement VALUES('A Stabilizer','ast');

-- Side weights
INSERT OR REPLACE INTO side_weight VALUES('x1',1.0,0.0,'{WEIGHT}');
INSERT OR REPLACE INTO side_weight VALUES('x2',2.0,0.0,'{SIDE_WEIGHT}x2={WEIGHT}');
INSERT OR REPLACE INTO side_weight VALUES('x2+45',2.0,45.0,'{SIDE_WEIGHT}x2+45={WEIGHT}');
INSERT OR REPLACE INTO side_weight VALUES('x2+55',2.0,55.0,'{SIDE_WEIGHT}x2+55={WEIGHT}');
INSERT OR REPLACE INTO side_weight VALUES('x2+60',2.0,60.0,'{SIDE_WEIGHT}x2+60={WEIGHT}');

-- Template variables
INSERT OR REPLACE INTO template_variable VALUES('531 template',replace('<strong><a href=https://thefitness.wiki/routines/5-3-1-for-beginners/#Main_Lifts_%E2%80%93_Sets_and_Reps">Main Lifts – Sets and Reps</a></strong>\n{ROUTINE}\n{531 assistance template}','\n',char(10)));
INSERT OR REPLACE INTO template_variable VALUES('531 assistance template',replace('<strong>Assistance work</strong>\nnormal: 1-2 exercises per category for 50-100 total reps\ndeload: 1-2 exercises per category for 25-50 total reps\n<a href=https://github.com/healplz/rp-notes/wiki">Muscles</a> worked this week:\n{WEEK_PROGRESS}\nPush:\ndips, push-ups, DB bench/incline/press, triceps extensions/pushdowns\n{PUSH}\nPull:\nchin-ups/pull-ups, inverted rows, rows (DB/machine/BB/cable), face pulls, Band pullapart, lat pulldown, curls\n{PULL}\nSingle Leg/Core:\nab/core work, back raises, Rev hypersextensions, lunges, step-ups, Bulgarian one-leg squats, DB/KB snatches, swings\n{CORE}\n<strong><a href="https://www.reddit.com/r/Fitness/comments/92bhaj/we_over_at_rflexibility_created_a_new_fullbody">Stretch</a></strong>"','\n',char(10)));
INSERT OR REPLACE INTO template_variable VALUES('PUSH',replace('<a href=https://exrx.net/WeightExercises/PectoralSternal/BBBenchPress">Bench (BB)|Chest</a>: 1 (77.5x2+45=200), 8/14\n<a href="https://exrx.net/WeightExercises/PectoralSternal/DBBenchPress">Bench (DB)|Chest</a>: 3x9 (55x2=110), 7/7\n<a href="https://exrx.net/WeightExercises/PectoralSternal/LVBenchPress">Bench (Lever)|Chest</a>: 5x10 (45x2=90), 2/4\nBench (Smith): 3x12 (52.5x2=105), 4/11\n<a href="https://exrx.net/WeightExercises/Triceps/BWTriDip">Dips|Triceps</a>: 3x8 (25), 6/8\n<a href="https://exrx.net/WeightExercises/PectoralSternal/DBFly">Fly (DB)|Chest</a>: 4x10 (20x2=40), 2/5\n<a href="https://exrx.net/WeightExercises/PectoralSternal/CBStandingFly">Fly (lever)|Chest</a>\n<a href="https://exrx.net/WeightExercises/PectoralClavicular/BBInclineBenchPress">Incline Bench (BB)|Chest, U</a>: 12 (25x2+45=95), 4/19\n<a href="https://exrx.net/WeightExercises/PectoralClavicular/DBInclineBenchPress">Incline Bench (DB)|Chest, U</a>: 3x12 (45x2=90), 6/29\n<a href="https://exrx.net/WeightExercises/PectoralClavicular/LVInclineBenchPress">Incline Bench (Lever)|Chest, U</a>: 3x8 (45x2=90), 3/18\nIncline Bench (Smith): 5x12 (25x2=50), 4/11\n<a href="https://exrx.net/WeightExercises/DeltoidAnterior/BBMilitaryPress">OHP (BB)|Delts, F</a>: 2 (42.5x2+45=130), 8/18\n<a href="https://exrx.net/WeightExercises/DeltoidAnterior/DBShoulderPress">OHP (DB)|Delts, F</a>: 3x10 (40x2=80), 5/3\n<a href="https://exrx.net/WeightExercises/DeltoidAnterior/LVShoulderPress">OHP (lever)</a>: 2x12 (62.5), 4/14\n<a href="https://exrx.net/WeightExercises/Triceps/DBTriExt">Tri extension|Triceps</a>: 3x10 (40), 11/17\n<a href="https://exrx.net/WeightExercises/Triceps/CBPushdown">Tri pushdown|Triceps</a>: 3x12 (110), 6/30"','\n',char(10)));
INSERT OR REPLACE INTO template_variable VALUES('PULL',replace('<a href=https://exrx.net/WeightExercises/BackGeneral/BBBentOverRow">Bent-over Row (BB)|Back</a>: 3x5 (39x2+45=123), 9/26\n<a href="https://exrx.net/WeightExercises/BackGeneral/DBBentOverRow">Bent-over Row (DB)|Back</a>: 8 (60), 2/5\n<a href="https://exrx.net/WeightExercises/LatissimusDorsi/BWUnderhandChinup">Chinups|Lats</a>: 3x3 (25), 6/10\n<a href="https://exrx.net/WeightExercises/Biceps/DBCurl">Curls (DB)|Biceps</a>: 3x8 (30), 6/2\n<a href="https://www.verywellfit.com/face-pulls-exercise-for-stronger-shoulders-4161298">Face pulls|Delts, R</a>: 3x12 (110), 4/11\n<a href="https://exrx.net/WeightExercises/DeltoidLateral/DBLateralRaise">Lateral Raise (DB)|Delts, S</a>: 3x10 (20x2=40), 3/25\n<a href="https://exrx.net/WeightExercises/DeltoidLateral/LVLateralRaise">Lateral Raise (Lever)</a>: 3x9 (90), 6/8\n<a href="https://exrx.net/WeightExercises/Brachialis/LVPreacherCurl">Preacher Curl (lever)|Biceps, L</a>: 3x11 (62.5x2+45=170), 5/6\n<a href="https://exrx.net/WeightExercises/LatissimusDorsi/CBFrontPulldown">Pulldown (cable)|Lats</a>: 3x12 (125), 6/30\n<a href="https://exrx.net/WeightExercises/LatissimusDorsi/LVFrontPulldown">Pulldown (lever)|Lats</a>: 3x10 (80), 10/12\n<a href="https://exrx.net/WeightExercises/DeltoidPosterior/DBRearLateralRaise">Rear Lateral Raise (DB)|Delts, R</a>: 4x10 (20x2=40), 2/9\n<a href="https://exrx.net/WeightExercises/BackGeneral/LVSeatedRow">Seated Row (lever)|Back</a>: 3x9 (90x2=180), 8/18\n<a href="https://exrx.net/WeightExercises/DeltoidLateral/DBUprightRow">Upright Row (DB)|Delts, S</a>: 3x11 (35x2=70), 5/3"','\n',char(10)));
INSERT OR REPLACE INTO template_variable VALUES('CORE',replace('<a href=https://upgradec.exrx.net/WeightExercises/ErectorSpinae/WtHyperextension">Back raises|Back, L</a>: 3x12 (112.5), 4/15\n<a href="https://exrx.net/WeightExercises/Gastrocnemius/DBSingleLegCalfRaise">Calf Raise (DB 1 leg)|Gastrocnemius</a>\n<a href="https://exrx.net/WeightExercises/Soleus/LVSeatedCalfRaise">Calf Raise (seated lever)|Soleus</a>: 4x12 (135), 8/18\n<a href="https://exrx.net/WeightExercises/Gastrocnemius/SMStandingCalfRaise">Calf Raise (Smith standing)</a>: 3x12 (80x2=160), 4/8\n<a href="https://exrx.net/WeightExercises/RectusAbdominis/CBKneelingCrunch">Crunch (Cable Kneeling)</a>: 5x12 (160), 4/11\n<a href="https://upgradec.exrx.net/WeightExercises/GluteusMaximus/LVHipThrustPL">Hip Thrust (Lever)|Glutes</a>: 3x12 (105x2=210) 💯, 4/1\n<a href="https://exrx.net/WeightExercises/Hamstrings/CBStandingLegCurl">Leg Curl (cable standing)|Hamstrings</a>: 3x15 (22.5), 1/28\n<a href="https://exrx.net/WeightExercises/Hamstrings/LVLyingLegCurl">Leg Curl (lever lying)|Hamstrings</a>: 3x8 (30), 3/22\n<a href="https://exrx.net/WeightExercises/Hamstrings/LVSeatedLegCurl">Leg Curl (seated 1 leg)|Hamstrings</a>: 3x11 (75), 6/23\n<a href="https://exrx.net/WeightExercises/Quadriceps/LVLegExtension">Leg Extension (1 leg)|Quads</a>: 3x10 (75), 1/31\n<a href="https://exrx.net/WeightExercises/Quadriceps/SL45LegPress">Leg Press|Quads</a>: 8 (210), 2/9\n<a href="https://exrx.net/WeightExercises/Quadriceps/SL45LegPress">Leg Press (45°)|Quads</a>: 3x12 (165x2=330), 7/7\n<a href="https://exrx.net/WeightExercises/GluteusMaximus/WtReverseHyperextension">Rev hypers|Glutes</a>\n<a href="https://exrx.net/WeightExercises/RectusAbdominis/LVSeatedCrunch">Seated Crunch (lever)|Abs</a>: 4x12 (156.25), 5/12\n<a href="https://exrx.net/WeightExercises/Quadriceps/BWSingleLegSplitSquat">Split Squat (SL DB)|Quads</a>: 3x10 (45x2=90), 2/23\n<a href="https://upgradec.exrx.net/WeightExercises/Quadriceps/SMSingleLegSplitSquat">Split Squat (SL Smith)|Quads</a>: 3x12 (47.5x2=95), 4/11\n<a href="https://exrx.net/WeightExercises/Quadriceps/DBStepUp">Step-ups|Quads</a>: 3x10 (60x2=120), 1/24\n<a href="https://exrx.net/WeightExercises/Hamstrings/BBStraightLegDeadlift">Stiff Leg Deadlift (BB)|Hamstrings</a>: 3x12 (100), 4/12\n<a href="https://exrx.net/WeightExercises/Hamstrings/DBStrBackStrLegDeadlift">Stiff Leg Deadlift (DB)|Hamstrings</a>"','\n',char(10)));
INSERT OR REPLACE INTO template_variable VALUES('Max line length','42');

-- Lift groups
INSERT OR REPLACE INTO lift_group VALUES('push');
INSERT OR REPLACE INTO lift_group VALUES('pull');
INSERT OR REPLACE INTO lift_group VALUES('core');
INSERT OR REPLACE INTO lift_group VALUES('~max');

-- +goose StatementEnd

-- +goose Down
-- +goose StatementBegin

-- irreversible, good luck!

-- +goose StatementEnd

-- sqlfluff:dialect:sqlite
